{
  "codes": [
    {
      "category": "execution",
      "code": "apply_failed",
      "how_to_fix": "Fix plan/schema/input errors, then rerun validate-plan and apply.",
      "meaning": "Plan apply/apply-batch command failed.",
      "what_to_check": "Inspect plan-specific apply runlog and fill_runner stderr."
    },
    {
      "category": "website",
      "code": "bun_not_found",
      "how_to_fix": "Install bun or pass --bun-bin with a valid executable path.",
      "meaning": "Bun executable is unavailable for website phase.",
      "what_to_check": "Verify bun binary path and PATH resolution."
    },
    {
      "category": "precheck",
      "code": "doctor_bun_not_found",
      "how_to_fix": "Install bun or pass a valid --bun-bin path.",
      "meaning": "Ops doctor could not resolve bun executable for website diagnostics.",
      "what_to_check": "Check --bun-bin value and PATH resolution."
    },
    {
      "category": "precheck",
      "code": "doctor_editing_plan_requires_allow_edits",
      "how_to_fix": "Use report-only plan(s) or rerun intentionally with --allow-edits.",
      "meaning": "Ops doctor detected an editing plan while --allow-edits is not set.",
      "what_to_check": "Review plan updates/fills and intended run mode."
    },
    {
      "category": "orchestration",
      "code": "doctor_failed",
      "how_to_fix": "Resolve doctor FAIL/WARN findings, then rerun ship gate.",
      "meaning": "Ship gate aborted because ops doctor preflight did not satisfy policy.",
      "what_to_check": "Inspect doctor status, checks, and reason codes."
    },
    {
      "category": "plan_validation",
      "code": "doctor_invalid_plan_json",
      "how_to_fix": "Repair malformed plan JSON and rerun.",
      "meaning": "Ops doctor could not parse one or more plan JSON files.",
      "what_to_check": "Validate plan JSON syntax and root object shape."
    },
    {
      "category": "precheck",
      "code": "doctor_invalid_website_root",
      "how_to_fix": "Pass a valid website root containing package.json.",
      "meaning": "Ops doctor website root check failed.",
      "what_to_check": "Verify website-root path and required files."
    },
    {
      "category": "precheck",
      "code": "doctor_missing_export_bundle",
      "how_to_fix": "Run website sync or restore expected files.",
      "meaning": "Ops doctor did not find expected website export bundle or sync script.",
      "what_to_check": "Check sync script and public/data/site_export.v1 bundle paths."
    },
    {
      "category": "precheck",
      "code": "doctor_missing_fixture",
      "how_to_fix": "Add at least one fixture per required summary schema.",
      "meaning": "Ops doctor did not find expected summary fixture coverage for schema checks.",
      "what_to_check": "Inspect _machine/fixtures for summary fixtures."
    },
    {
      "category": "precheck",
      "code": "doctor_missing_schema",
      "how_to_fix": "Restore or fix schema files.",
      "meaning": "Ops doctor could not find or parse required summary schema files.",
      "what_to_check": "Check tools/schemas directory and JSON validity."
    },
    {
      "category": "precheck",
      "code": "doctor_missing_tool",
      "how_to_fix": "Restore missing tool scripts before gating.",
      "meaning": "Ops doctor could not find required vault tool script(s).",
      "what_to_check": "Inspect missing script paths in doctor output."
    },
    {
      "category": "safety",
      "code": "edits_refused",
      "how_to_fix": "Keep report-only, or rerun intentionally with --allow-edits.",
      "meaning": "A non-report-only plan was blocked because edits are not allowed.",
      "what_to_check": "Check plan updates/fills and current gate flags."
    },
    {
      "category": "golden",
      "code": "golden_disabled",
      "how_to_fix": "Run with --golden for full contract enforcement.",
      "meaning": "Golden checks were disabled for this run.",
      "what_to_check": "Confirm CLI flags and intended regression mode."
    },
    {
      "category": "golden",
      "code": "golden_mismatch_contract_hash",
      "how_to_fix": "Fix export contract drift, or refresh golden fixture explicitly.",
      "meaning": "Contract file hashes differ from golden baseline.",
      "what_to_check": "Review hash mismatches and changed contract files."
    },
    {
      "category": "golden",
      "code": "golden_mismatch_paths",
      "how_to_fix": "Restore required files/paths or update golden fixture intentionally.",
      "meaning": "Contract path set differs from golden baseline.",
      "what_to_check": "Inspect missing/extra paths in mismatch details."
    },
    {
      "category": "golden",
      "code": "golden_missing_required_key",
      "how_to_fix": "Restore required key(s) in export artifact generation.",
      "meaning": "A required key is missing in contract JSON.",
      "what_to_check": "Check index/report/memo contract keys."
    },
    {
      "category": "golden",
      "code": "golden_parse_error",
      "how_to_fix": "Repair malformed files and rerun regression.",
      "meaning": "A contract file could not be parsed.",
      "what_to_check": "Validate JSON formatting and file encoding."
    },
    {
      "category": "golden",
      "code": "golden_requested_but_regression_runner_missing",
      "how_to_fix": "Restore regression runner or run without golden integration.",
      "meaning": "Release gate requested golden checks but regression runner was unavailable.",
      "what_to_check": "Verify tools/run_regression.py exists."
    },
    {
      "category": "website",
      "code": "invalid_website_root",
      "how_to_fix": "Pass a valid website repo path.",
      "meaning": "Website root is missing required files or invalid.",
      "what_to_check": "Check website-root path and presence of package.json + bun.lock/bun.lockb."
    },
    {
      "category": "orchestration",
      "code": "missing_e2e_summary_marker",
      "how_to_fix": "Fix e2e_gate invocation/output and rerun.",
      "meaning": "Ship gate could not parse E2E summary marker from e2e_gate output.",
      "what_to_check": "Inspect e2e_gate stdout/stderr for E2E_GATE_SUMMARY_JSON marker."
    },
    {
      "category": "export_contract",
      "code": "missing_evidence_file",
      "how_to_fix": "Regenerate evidence outputs or fix evidence references.",
      "meaning": "An expected evidence file is missing.",
      "what_to_check": "Inspect evidence index and evidence markdown paths."
    },
    {
      "category": "export_contract",
      "code": "missing_evidence_ref_in_index",
      "how_to_fix": "Ensure evidence index includes all referenced evidence IDs.",
      "meaning": "A payload evidence reference is not represented in evidence index.",
      "what_to_check": "Compare payload evidence_refs with evidence_index.v1.json entries."
    },
    {
      "category": "export_contract",
      "code": "missing_memo_file",
      "how_to_fix": "Regenerate memos or correct report index memo pointers.",
      "meaning": "A memo JSON/MD file referenced by report index is missing.",
      "what_to_check": "Inspect memo_json_path/memo_md_path entries and output directory."
    },
    {
      "category": "orchestration",
      "code": "missing_release_gate_summary_marker",
      "how_to_fix": "Fix release_gate invocation/output parsing.",
      "meaning": "e2e gate could not find release gate summary marker in output.",
      "what_to_check": "Check release_gate stdout/stderr and marker output."
    },
    {
      "category": "export_contract",
      "code": "missing_required_payload_file",
      "how_to_fix": "Regenerate payloads for all report entries.",
      "meaning": "Required payload file index/{id}.payload.v1.json is missing.",
      "what_to_check": "Inspect report index entries and payload output folder."
    },
    {
      "category": "export_contract",
      "code": "payload_path_mismatch",
      "how_to_fix": "Normalize payload_path generation to expected naming.",
      "meaning": "payload_path does not match expected index/{id}.payload.v1.json.",
      "what_to_check": "Compare report index payload_path with entry id."
    },
    {
      "category": "plan_validation",
      "code": "plan_missing",
      "how_to_fix": "Correct plan path or generate the plan file first.",
      "meaning": "Specified plan file does not exist.",
      "what_to_check": "Verify plan path resolution and file presence."
    },
    {
      "category": "plan_validation",
      "code": "plan_parse_error",
      "how_to_fix": "Repair malformed JSON and rerun validate-plan.",
      "meaning": "Plan JSON parsing failed.",
      "what_to_check": "Open plan file and validate JSON syntax."
    },
    {
      "category": "precheck",
      "code": "precheck_aborted",
      "how_to_fix": "Fix first failure and rerun gate.",
      "meaning": "A later plan was skipped because fail-fast precheck aborted earlier.",
      "what_to_check": "Inspect first failing plan precheck result."
    },
    {
      "category": "orchestration",
      "code": "proof_bundle_failed",
      "how_to_fix": "Fix proof bundle inputs or disable with --no-proof-bundle temporarily.",
      "meaning": "Ship gate proof bundle generation failed.",
      "what_to_check": "Inspect proof bundle inputs and manifest generation errors."
    },
    {
      "category": "safety",
      "code": "protected_files_changed",
      "how_to_fix": "Revert unintended changes or rerun with proper edit scope/flags.",
      "meaning": "Protected files changed during a run where edits were not allowed.",
      "what_to_check": "Review protected file diff list in summary."
    },
    {
      "category": "execution",
      "code": "regression_failed",
      "how_to_fix": "Resolve reported invariant/contract failures.",
      "meaning": "Delegated regression harness returned failure.",
      "what_to_check": "Inspect regression summary/runlog reason codes."
    },
    {
      "category": "orchestration",
      "code": "runlog_index_failed",
      "how_to_fix": "Fix index generation error and rerun ship gate.",
      "meaning": "Ship gate could not refresh runlog index/dashboard outputs.",
      "what_to_check": "Inspect runlog_index execution and output permissions."
    },
    {
      "category": "precheck",
      "code": "schema_validation_failed",
      "how_to_fix": "Fix summary/schema mismatch and rerun.",
      "meaning": "Ship gate schema validation failed for delegated summary output.",
      "what_to_check": "Inspect schema_validate errors for missing keys/types."
    },
    {
      "category": "export_contract",
      "code": "site_export_validate_failed",
      "how_to_fix": "Fix missing/invalid export artifacts and regenerate export.",
      "meaning": "site_export validator returned failure.",
      "what_to_check": "Inspect validate_site_export output for sorted failure list."
    },
    {
      "category": "golden",
      "code": "site_export_validation_not_pass",
      "how_to_fix": "Resolve site_export validation failures, then rerun golden check.",
      "meaning": "Golden check skipped because site_export validation was not PASS.",
      "what_to_check": "Check site_export validate_status and errors first."
    },
    {
      "category": "precheck",
      "code": "strict_healthcheck_failed",
      "how_to_fix": "Fix strict validation issues and rerun gate.",
      "meaning": "Strict healthcheck failed before execution.",
      "what_to_check": "Inspect healthcheck runlog path in summary."
    },
    {
      "category": "execution",
      "code": "timeout_exceeded",
      "how_to_fix": "Increase timeout or reduce workload per run.",
      "meaning": "Soft timeout window was exceeded.",
      "what_to_check": "Check timeout-seconds configuration and long-running steps."
    },
    {
      "category": "plan_validation",
      "code": "validation_failed",
      "how_to_fix": "Correct plan fields/scope and rerun validate-plan.",
      "meaning": "validate-plan failed for at least one plan.",
      "what_to_check": "Inspect validate-plan stderr/runlog for schema or scope errors."
    },
    {
      "category": "orchestration",
      "code": "vault_gate_failed",
      "how_to_fix": "Resolve vault gate failures before website phase.",
      "meaning": "Vault phase failed in e2e gate.",
      "what_to_check": "Inspect embedded release_gate summary and runlog."
    },
    {
      "category": "website",
      "code": "website_contract_failed",
      "how_to_fix": "Resync site_export and fix contract mismatches.",
      "meaning": "Website export-contract test command failed.",
      "what_to_check": "Inspect website test stdout/stderr and missing file list."
    },
    {
      "category": "website",
      "code": "website_sync_failed",
      "how_to_fix": "Fix sync step and rerun website phase.",
      "meaning": "Website sync-site-export command failed.",
      "what_to_check": "Inspect sync command output and repository state."
    },
    {
      "category": "execution",
      "code": "pipeline_plan_failed",
      "meaning": "Pipeline plan validation/apply step failed.",
      "what_to_check": "Inspect per-plan status and command return codes in pipeline summary.",
      "how_to_fix": "Fix failing plan inputs and rerun pipeline."
    },
    {
      "category": "precheck",
      "code": "pipeline_healthcheck_failed",
      "meaning": "Pipeline strict healthcheck failed before apply.",
      "what_to_check": "Check strict healthcheck runlog path in pipeline summary.",
      "how_to_fix": "Fix strict validation failures, then rerun."
    },
    {
      "category": "export_contract",
      "code": "pipeline_export_failed",
      "meaning": "Pipeline export build/validate step failed.",
      "what_to_check": "Inspect build_site_export/validate_site_export command outputs.",
      "how_to_fix": "Fix export artifacts and rerun."
    },
    {
      "category": "safety",
      "code": "pipeline_dry_run_refused_write",
      "meaning": "Dry-run mode refused to perform write operation.",
      "what_to_check": "Review dry-run flags and execution mode.",
      "how_to_fix": "Disable dry-run only when intentional writes are allowed."
    },
    {
      "category": "execution",
      "code": "incremental_export_fallback_full",
      "meaning": "Incremental export requested but wrapper fell back to full rebuild.",
      "what_to_check": "Check builder incremental capability and provided report IDs.",
      "how_to_fix": "Enable only-report-id support or accept deterministic full rebuild."
    },
    {
      "category": "execution",
      "code": "incremental_export_failed",
      "meaning": "Incremental export wrapper failed.",
      "what_to_check": "Inspect export_incremental summary and command exit codes.",
      "how_to_fix": "Fix export builder/validator issues and rerun."
    },
    {
      "category": "evidence",
      "code": "orphan_evidence_md",
      "meaning": "Evidence markdown file exists without index entry.",
      "what_to_check": "Compare evidence folder against evidence_index.v1.json.",
      "how_to_fix": "Add missing index entries or remove orphan files."
    },
    {
      "category": "evidence",
      "code": "orphan_evidence_index_entry",
      "meaning": "Evidence index entry points to missing markdown file.",
      "what_to_check": "Check evidence_index ids against evidence/*.md files.",
      "how_to_fix": "Regenerate missing evidence files or prune stale index entries."
    },
    {
      "category": "evidence",
      "code": "missing_payload_evidence_ref",
      "meaning": "Payload evidence_refs contain IDs missing from evidence index.",
      "what_to_check": "Compare payload evidence_refs against evidence_index.v1.json.",
      "how_to_fix": "Add missing evidence index entries or correct payload refs."
    }
  ],
  "version": "reason_codes.v1"
}

