{
  "countries": [
    {
      "audit_domestic": "04 - Data & Ontology/Ontology/_machine/generated_plans/megabatch_2026-02-12/plan.onboarding.china.ev_oem_domestic.audit.v1.json",
      "audit_export": "04 - Data & Ontology/Ontology/_machine/generated_plans/megabatch_2026-02-12/plan.onboarding.china.ev_oem_export.audit.v1.json",
      "country": "china",
      "seed_export": "04 - Data & Ontology/Ontology/_machine/generated_plans/megabatch_2026-02-12/plan.onboarding.china.ev_oem_export.seed.v1.json",
      "validate": [
        {
          "ok": false,
          "plan": "04 - Data & Ontology/Ontology/_machine/generated_plans/megabatch_2026-02-12/plan.onboarding.china.ev_oem_export.audit.v1.json",
          "rc": 1,
          "stage": "generate",
          "stderr": "File \"C:\\Users\\Melek\\Documents\\Sinerga-Optima\\13 - Lattice Labs\\Clarum\\08 - Operations\\fill_runner\\tools\\generate_onboarding.py\", line 96\n    return str(path.resolve().relative_to(root)).replace(\"\\\", \"/\")\n                                                                ^\nSyntaxError: unterminated str"
        },
        {
          "ok": false,
          "plan": "04 - Data & Ontology/Ontology/_machine/generated_plans/megabatch_2026-02-12/plan.onboarding.china.ev_oem_domestic.audit.v1.json",
          "rc": 1,
          "stage": "generate",
          "stderr": "File \"C:\\Users\\Melek\\Documents\\Sinerga-Optima\\13 - Lattice Labs\\Clarum\\08 - Operations\\fill_runner\\tools\\generate_onboarding.py\", line 96\n    return str(path.resolve().relative_to(root)).replace(\"\\\", \"/\")\n                                                                ^\nSyntaxError: unterminated str"
        },
        {
          "ok": false,
          "plan": "04 - Data & Ontology/Ontology/_machine/generated_plans/megabatch_2026-02-12/plan.onboarding.china.ev_oem_export.seed.v1.json",
          "rc": 1,
          "stage": "generate",
          "stderr": "File \"C:\\Users\\Melek\\Documents\\Sinerga-Optima\\13 - Lattice Labs\\Clarum\\08 - Operations\\fill_runner\\tools\\generate_onboarding.py\", line 96\n    return str(path.resolve().relative_to(root)).replace(\"\\\", \"/\")\n                                                                ^\nSyntaxError: unterminated str"
        }
      ]
    },
    {
      "audit_domestic": "04 - Data & Ontology/Ontology/_machine/generated_plans/megabatch_2026-02-12/plan.onboarding.malaysia.ev_oem_domestic.audit.v1.json",
      "audit_export": "04 - Data & Ontology/Ontology/_machine/generated_plans/megabatch_2026-02-12/plan.onboarding.malaysia.ev_oem_export.audit.v1.json",
      "country": "malaysia",
      "seed_export": "04 - Data & Ontology/Ontology/_machine/generated_plans/megabatch_2026-02-12/plan.onboarding.malaysia.ev_oem_export.seed.v1.json",
      "validate": [
        {
          "ok": false,
          "plan": "04 - Data & Ontology/Ontology/_machine/generated_plans/megabatch_2026-02-12/plan.onboarding.malaysia.ev_oem_export.audit.v1.json",
          "rc": 1,
          "stage": "generate",
          "stderr": "File \"C:\\Users\\Melek\\Documents\\Sinerga-Optima\\13 - Lattice Labs\\Clarum\\08 - Operations\\fill_runner\\tools\\generate_onboarding.py\", line 96\n    return str(path.resolve().relative_to(root)).replace(\"\\\", \"/\")\n                                                                ^\nSyntaxError: unterminated str"
        },
        {
          "ok": false,
          "plan": "04 - Data & Ontology/Ontology/_machine/generated_plans/megabatch_2026-02-12/plan.onboarding.malaysia.ev_oem_domestic.audit.v1.json",
          "rc": 1,
          "stage": "generate",
          "stderr": "File \"C:\\Users\\Melek\\Documents\\Sinerga-Optima\\13 - Lattice Labs\\Clarum\\08 - Operations\\fill_runner\\tools\\generate_onboarding.py\", line 96\n    return str(path.resolve().relative_to(root)).replace(\"\\\", \"/\")\n                                                                ^\nSyntaxError: unterminated str"
        },
        {
          "ok": false,
          "plan": "04 - Data & Ontology/Ontology/_machine/generated_plans/megabatch_2026-02-12/plan.onboarding.malaysia.ev_oem_export.seed.v1.json",
          "rc": 1,
          "stage": "generate",
          "stderr": "File \"C:\\Users\\Melek\\Documents\\Sinerga-Optima\\13 - Lattice Labs\\Clarum\\08 - Operations\\fill_runner\\tools\\generate_onboarding.py\", line 96\n    return str(path.resolve().relative_to(root)).replace(\"\\\", \"/\")\n                                                                ^\nSyntaxError: unterminated str"
        }
      ]
    },
    {
      "audit_domestic": "04 - Data & Ontology/Ontology/_machine/generated_plans/megabatch_2026-02-12/plan.onboarding.russia.ev_oem_domestic.audit.v1.json",
      "audit_export": "04 - Data & Ontology/Ontology/_machine/generated_plans/megabatch_2026-02-12/plan.onboarding.russia.ev_oem_export.audit.v1.json",
      "country": "russia",
      "seed_export": "04 - Data & Ontology/Ontology/_machine/generated_plans/megabatch_2026-02-12/plan.onboarding.russia.ev_oem_export.seed.v1.json",
      "validate": [
        {
          "ok": false,
          "plan": "04 - Data & Ontology/Ontology/_machine/generated_plans/megabatch_2026-02-12/plan.onboarding.russia.ev_oem_export.audit.v1.json",
          "rc": 1,
          "stage": "generate",
          "stderr": "File \"C:\\Users\\Melek\\Documents\\Sinerga-Optima\\13 - Lattice Labs\\Clarum\\08 - Operations\\fill_runner\\tools\\generate_onboarding.py\", line 96\n    return str(path.resolve().relative_to(root)).replace(\"\\\", \"/\")\n                                                                ^\nSyntaxError: unterminated str"
        },
        {
          "ok": false,
          "plan": "04 - Data & Ontology/Ontology/_machine/generated_plans/megabatch_2026-02-12/plan.onboarding.russia.ev_oem_domestic.audit.v1.json",
          "rc": 1,
          "stage": "generate",
          "stderr": "File \"C:\\Users\\Melek\\Documents\\Sinerga-Optima\\13 - Lattice Labs\\Clarum\\08 - Operations\\fill_runner\\tools\\generate_onboarding.py\", line 96\n    return str(path.resolve().relative_to(root)).replace(\"\\\", \"/\")\n                                                                ^\nSyntaxError: unterminated str"
        },
        {
          "ok": false,
          "plan": "04 - Data & Ontology/Ontology/_machine/generated_plans/megabatch_2026-02-12/plan.onboarding.russia.ev_oem_export.seed.v1.json",
          "rc": 1,
          "stage": "generate",
          "stderr": "File \"C:\\Users\\Melek\\Documents\\Sinerga-Optima\\13 - Lattice Labs\\Clarum\\08 - Operations\\fill_runner\\tools\\generate_onboarding.py\", line 96\n    return str(path.resolve().relative_to(root)).replace(\"\\\", \"/\")\n                                                                ^\nSyntaxError: unterminated str"
        }
      ]
    },
    {
      "audit_domestic": "04 - Data & Ontology/Ontology/_machine/generated_plans/megabatch_2026-02-12/plan.onboarding.france.ev_oem_domestic.audit.v1.json",
      "audit_export": "04 - Data & Ontology/Ontology/_machine/generated_plans/megabatch_2026-02-12/plan.onboarding.france.ev_oem_export.audit.v1.json",
      "country": "france",
      "seed_export": "04 - Data & Ontology/Ontology/_machine/generated_plans/megabatch_2026-02-12/plan.onboarding.france.ev_oem_export.seed.v1.json",
      "validate": [
        {
          "ok": false,
          "plan": "04 - Data & Ontology/Ontology/_machine/generated_plans/megabatch_2026-02-12/plan.onboarding.france.ev_oem_export.audit.v1.json",
          "rc": 1,
          "stage": "generate",
          "stderr": "File \"C:\\Users\\Melek\\Documents\\Sinerga-Optima\\13 - Lattice Labs\\Clarum\\08 - Operations\\fill_runner\\tools\\generate_onboarding.py\", line 96\n    return str(path.resolve().relative_to(root)).replace(\"\\\", \"/\")\n                                                                ^\nSyntaxError: unterminated str"
        },
        {
          "ok": false,
          "plan": "04 - Data & Ontology/Ontology/_machine/generated_plans/megabatch_2026-02-12/plan.onboarding.france.ev_oem_domestic.audit.v1.json",
          "rc": 1,
          "stage": "generate",
          "stderr": "File \"C:\\Users\\Melek\\Documents\\Sinerga-Optima\\13 - Lattice Labs\\Clarum\\08 - Operations\\fill_runner\\tools\\generate_onboarding.py\", line 96\n    return str(path.resolve().relative_to(root)).replace(\"\\\", \"/\")\n                                                                ^\nSyntaxError: unterminated str"
        },
        {
          "ok": false,
          "plan": "04 - Data & Ontology/Ontology/_machine/generated_plans/megabatch_2026-02-12/plan.onboarding.france.ev_oem_export.seed.v1.json",
          "rc": 1,
          "stage": "generate",
          "stderr": "File \"C:\\Users\\Melek\\Documents\\Sinerga-Optima\\13 - Lattice Labs\\Clarum\\08 - Operations\\fill_runner\\tools\\generate_onboarding.py\", line 96\n    return str(path.resolve().relative_to(root)).replace(\"\\\", \"/\")\n                                                                ^\nSyntaxError: unterminated str"
        }
      ]
    },
    {
      "audit_domestic": "04 - Data & Ontology/Ontology/_machine/generated_plans/megabatch_2026-02-12/plan.onboarding.germany.ev_oem_domestic.audit.v1.json",
      "audit_export": "04 - Data & Ontology/Ontology/_machine/generated_plans/megabatch_2026-02-12/plan.onboarding.germany.ev_oem_export.audit.v1.json",
      "country": "germany",
      "seed_export": "04 - Data & Ontology/Ontology/_machine/generated_plans/megabatch_2026-02-12/plan.onboarding.germany.ev_oem_export.seed.v1.json",
      "validate": [
        {
          "ok": false,
          "plan": "04 - Data & Ontology/Ontology/_machine/generated_plans/megabatch_2026-02-12/plan.onboarding.germany.ev_oem_export.audit.v1.json",
          "rc": 1,
          "stage": "generate",
          "stderr": "File \"C:\\Users\\Melek\\Documents\\Sinerga-Optima\\13 - Lattice Labs\\Clarum\\08 - Operations\\fill_runner\\tools\\generate_onboarding.py\", line 96\n    return str(path.resolve().relative_to(root)).replace(\"\\\", \"/\")\n                                                                ^\nSyntaxError: unterminated str"
        },
        {
          "ok": false,
          "plan": "04 - Data & Ontology/Ontology/_machine/generated_plans/megabatch_2026-02-12/plan.onboarding.germany.ev_oem_domestic.audit.v1.json",
          "rc": 1,
          "stage": "generate",
          "stderr": "File \"C:\\Users\\Melek\\Documents\\Sinerga-Optima\\13 - Lattice Labs\\Clarum\\08 - Operations\\fill_runner\\tools\\generate_onboarding.py\", line 96\n    return str(path.resolve().relative_to(root)).replace(\"\\\", \"/\")\n                                                                ^\nSyntaxError: unterminated str"
        },
        {
          "ok": false,
          "plan": "04 - Data & Ontology/Ontology/_machine/generated_plans/megabatch_2026-02-12/plan.onboarding.germany.ev_oem_export.seed.v1.json",
          "rc": 1,
          "stage": "generate",
          "stderr": "File \"C:\\Users\\Melek\\Documents\\Sinerga-Optima\\13 - Lattice Labs\\Clarum\\08 - Operations\\fill_runner\\tools\\generate_onboarding.py\", line 96\n    return str(path.resolve().relative_to(root)).replace(\"\\\", \"/\")\n                                                                ^\nSyntaxError: unterminated str"
        }
      ]
    },
    {
      "audit_domestic": "04 - Data & Ontology/Ontology/_machine/generated_plans/megabatch_2026-02-12/plan.onboarding.uk.ev_oem_domestic.audit.v1.json",
      "audit_export": "04 - Data & Ontology/Ontology/_machine/generated_plans/megabatch_2026-02-12/plan.onboarding.uk.ev_oem_export.audit.v1.json",
      "country": "uk",
      "seed_export": "04 - Data & Ontology/Ontology/_machine/generated_plans/megabatch_2026-02-12/plan.onboarding.uk.ev_oem_export.seed.v1.json",
      "validate": [
        {
          "ok": false,
          "plan": "04 - Data & Ontology/Ontology/_machine/generated_plans/megabatch_2026-02-12/plan.onboarding.uk.ev_oem_export.audit.v1.json",
          "rc": 1,
          "stage": "generate",
          "stderr": "File \"C:\\Users\\Melek\\Documents\\Sinerga-Optima\\13 - Lattice Labs\\Clarum\\08 - Operations\\fill_runner\\tools\\generate_onboarding.py\", line 96\n    return str(path.resolve().relative_to(root)).replace(\"\\\", \"/\")\n                                                                ^\nSyntaxError: unterminated str"
        },
        {
          "ok": false,
          "plan": "04 - Data & Ontology/Ontology/_machine/generated_plans/megabatch_2026-02-12/plan.onboarding.uk.ev_oem_domestic.audit.v1.json",
          "rc": 1,
          "stage": "generate",
          "stderr": "File \"C:\\Users\\Melek\\Documents\\Sinerga-Optima\\13 - Lattice Labs\\Clarum\\08 - Operations\\fill_runner\\tools\\generate_onboarding.py\", line 96\n    return str(path.resolve().relative_to(root)).replace(\"\\\", \"/\")\n                                                                ^\nSyntaxError: unterminated str"
        },
        {
          "ok": false,
          "plan": "04 - Data & Ontology/Ontology/_machine/generated_plans/megabatch_2026-02-12/plan.onboarding.uk.ev_oem_export.seed.v1.json",
          "rc": 1,
          "stage": "generate",
          "stderr": "File \"C:\\Users\\Melek\\Documents\\Sinerga-Optima\\13 - Lattice Labs\\Clarum\\08 - Operations\\fill_runner\\tools\\generate_onboarding.py\", line 96\n    return str(path.resolve().relative_to(root)).replace(\"\\\", \"/\")\n                                                                ^\nSyntaxError: unterminated str"
        }
      ]
    },
    {
      "audit_domestic": "04 - Data & Ontology/Ontology/_machine/generated_plans/megabatch_2026-02-12/plan.onboarding.us.ev_oem_domestic.audit.v1.json",
      "audit_export": "04 - Data & Ontology/Ontology/_machine/generated_plans/megabatch_2026-02-12/plan.onboarding.us.ev_oem_export.audit.v1.json",
      "country": "us",
      "seed_export": "04 - Data & Ontology/Ontology/_machine/generated_plans/megabatch_2026-02-12/plan.onboarding.us.ev_oem_export.seed.v1.json",
      "validate": [
        {
          "ok": false,
          "plan": "04 - Data & Ontology/Ontology/_machine/generated_plans/megabatch_2026-02-12/plan.onboarding.us.ev_oem_export.audit.v1.json",
          "rc": 1,
          "stage": "generate",
          "stderr": "File \"C:\\Users\\Melek\\Documents\\Sinerga-Optima\\13 - Lattice Labs\\Clarum\\08 - Operations\\fill_runner\\tools\\generate_onboarding.py\", line 96\n    return str(path.resolve().relative_to(root)).replace(\"\\\", \"/\")\n                                                                ^\nSyntaxError: unterminated str"
        },
        {
          "ok": false,
          "plan": "04 - Data & Ontology/Ontology/_machine/generated_plans/megabatch_2026-02-12/plan.onboarding.us.ev_oem_domestic.audit.v1.json",
          "rc": 1,
          "stage": "generate",
          "stderr": "File \"C:\\Users\\Melek\\Documents\\Sinerga-Optima\\13 - Lattice Labs\\Clarum\\08 - Operations\\fill_runner\\tools\\generate_onboarding.py\", line 96\n    return str(path.resolve().relative_to(root)).replace(\"\\\", \"/\")\n                                                                ^\nSyntaxError: unterminated str"
        },
        {
          "ok": false,
          "plan": "04 - Data & Ontology/Ontology/_machine/generated_plans/megabatch_2026-02-12/plan.onboarding.us.ev_oem_export.seed.v1.json",
          "rc": 1,
          "stage": "generate",
          "stderr": "File \"C:\\Users\\Melek\\Documents\\Sinerga-Optima\\13 - Lattice Labs\\Clarum\\08 - Operations\\fill_runner\\tools\\generate_onboarding.py\", line 96\n    return str(path.resolve().relative_to(root)).replace(\"\\\", \"/\")\n                                                                ^\nSyntaxError: unterminated str"
        }
      ]
    },
    {
      "audit_domestic": "04 - Data & Ontology/Ontology/_machine/generated_plans/megabatch_2026-02-12/plan.onboarding.turkey.ev_oem_domestic.audit.v1.json",
      "audit_export": "04 - Data & Ontology/Ontology/_machine/generated_plans/megabatch_2026-02-12/plan.onboarding.turkey.ev_oem_export.audit.v1.json",
      "country": "turkey",
      "seed_export": "04 - Data & Ontology/Ontology/_machine/generated_plans/megabatch_2026-02-12/plan.onboarding.turkey.ev_oem_export.seed.v1.json",
      "validate": [
        {
          "ok": false,
          "plan": "04 - Data & Ontology/Ontology/_machine/generated_plans/megabatch_2026-02-12/plan.onboarding.turkey.ev_oem_export.audit.v1.json",
          "rc": 1,
          "stage": "generate",
          "stderr": "File \"C:\\Users\\Melek\\Documents\\Sinerga-Optima\\13 - Lattice Labs\\Clarum\\08 - Operations\\fill_runner\\tools\\generate_onboarding.py\", line 96\n    return str(path.resolve().relative_to(root)).replace(\"\\\", \"/\")\n                                                                ^\nSyntaxError: unterminated str"
        },
        {
          "ok": false,
          "plan": "04 - Data & Ontology/Ontology/_machine/generated_plans/megabatch_2026-02-12/plan.onboarding.turkey.ev_oem_domestic.audit.v1.json",
          "rc": 1,
          "stage": "generate",
          "stderr": "File \"C:\\Users\\Melek\\Documents\\Sinerga-Optima\\13 - Lattice Labs\\Clarum\\08 - Operations\\fill_runner\\tools\\generate_onboarding.py\", line 96\n    return str(path.resolve().relative_to(root)).replace(\"\\\", \"/\")\n                                                                ^\nSyntaxError: unterminated str"
        },
        {
          "ok": false,
          "plan": "04 - Data & Ontology/Ontology/_machine/generated_plans/megabatch_2026-02-12/plan.onboarding.turkey.ev_oem_export.seed.v1.json",
          "rc": 1,
          "stage": "generate",
          "stderr": "File \"C:\\Users\\Melek\\Documents\\Sinerga-Optima\\13 - Lattice Labs\\Clarum\\08 - Operations\\fill_runner\\tools\\generate_onboarding.py\", line 96\n    return str(path.resolve().relative_to(root)).replace(\"\\\", \"/\")\n                                                                ^\nSyntaxError: unterminated str"
        }
      ]
    }
  ],
  "generated_at": "2026-02-12T21:04:40Z",
  "output_dir": "04 - Data & Ontology/Ontology/_machine/generated_plans/megabatch_2026-02-12"
}
