{
  "count": 80,
  "generated_at_utc": "2026-02-12T21:06:17+00:00",
  "source_coverage": "04 - Data & Ontology/Ontology/_machine/reports/coverage_report_2026-02-12.json",
  "stubs": [
    {
      "country": "hungary",
      "id": "EVSTUB-HUNGARY-INDA1REG001-01",
      "indicator_id": "IND-A1-REG-001",
      "path": "04 - Data & Ontology/Ontology/_machine/evidence_stubs/EVSTUB-HUNGARY-INDA1REG001-01.md",
      "tier": "UNSPEC"
    },
    {
      "country": "hungary",
      "id": "EVSTUB-HUNGARY-INDA1REG002-02",
      "indicator_id": "IND-A1-REG-002",
      "path": "04 - Data & Ontology/Ontology/_machine/evidence_stubs/EVSTUB-HUNGARY-INDA1REG002-02.md",
      "tier": "UNSPEC"
    },
    {
      "country": "hungary",
      "id": "EVSTUB-HUNGARY-INDA1REG003-03",
      "indicator_id": "IND-A1-REG-003",
      "path": "04 - Data & Ontology/Ontology/_machine/evidence_stubs/EVSTUB-HUNGARY-INDA1REG003-03.md",
      "tier": "UNSPEC"
    },
    {
      "country": "hungary",
      "id": "EVSTUB-HUNGARY-INDA1REG004-04",
      "indicator_id": "IND-A1-REG-004",
      "path": "04 - Data & Ontology/Ontology/_machine/evidence_stubs/EVSTUB-HUNGARY-INDA1REG004-04.md",
      "tier": "UNSPEC"
    },
    {
      "country": "hungary",
      "id": "EVSTUB-HUNGARY-INDA1REG005-05",
      "indicator_id": "IND-A1-REG-005",
      "path": "04 - Data & Ontology/Ontology/_machine/evidence_stubs/EVSTUB-HUNGARY-INDA1REG005-05.md",
      "tier": "UNSPEC"
    },
    {
      "country": "hungary",
      "id": "EVSTUB-HUNGARY-INDA1REG006-06",
      "indicator_id": "IND-A1-REG-006",
      "path": "04 - Data & Ontology/Ontology/_machine/evidence_stubs/EVSTUB-HUNGARY-INDA1REG006-06.md",
      "tier": "UNSPEC"
    },
    {
      "country": "hungary",
      "id": "EVSTUB-HUNGARY-INDA2GEO001-07",
      "indicator_id": "IND-A2-GEO-001",
      "path": "04 - Data & Ontology/Ontology/_machine/evidence_stubs/EVSTUB-HUNGARY-INDA2GEO001-07.md",
      "tier": "UNSPEC"
    },
    {
      "country": "hungary",
      "id": "EVSTUB-HUNGARY-INDA2GEO002-08",
      "indicator_id": "IND-A2-GEO-002",
      "path": "04 - Data & Ontology/Ontology/_machine/evidence_stubs/EVSTUB-HUNGARY-INDA2GEO002-08.md",
      "tier": "UNSPEC"
    },
    {
      "country": "hungary",
      "id": "EVSTUB-HUNGARY-INDA2GEO003-09",
      "indicator_id": "IND-A2-GEO-003",
      "path": "04 - Data & Ontology/Ontology/_machine/evidence_stubs/EVSTUB-HUNGARY-INDA2GEO003-09.md",
      "tier": "UNSPEC"
    },
    {
      "country": "hungary",
      "id": "EVSTUB-HUNGARY-INDA2GEO004-10",
      "indicator_id": "IND-A2-GEO-004",
      "path": "04 - Data & Ontology/Ontology/_machine/evidence_stubs/EVSTUB-HUNGARY-INDA2GEO004-10.md",
      "tier": "UNSPEC"
    },
    {
      "country": "hungary",
      "id": "EVSTUB-HUNGARY-INDA2GEO005-11",
      "indicator_id": "IND-A2-GEO-005",
      "path": "04 - Data & Ontology/Ontology/_machine/evidence_stubs/EVSTUB-HUNGARY-INDA2GEO005-11.md",
      "tier": "UNSPEC"
    },
    {
      "country": "hungary",
      "id": "EVSTUB-HUNGARY-INDA3POL001-12",
      "indicator_id": "IND-A3-POL-001",
      "path": "04 - Data & Ontology/Ontology/_machine/evidence_stubs/EVSTUB-HUNGARY-INDA3POL001-12.md",
      "tier": "UNSPEC"
    },
    {
      "country": "hungary",
      "id": "EVSTUB-HUNGARY-INDA3POL002-13",
      "indicator_id": "IND-A3-POL-002",
      "path": "04 - Data & Ontology/Ontology/_machine/evidence_stubs/EVSTUB-HUNGARY-INDA3POL002-13.md",
      "tier": "UNSPEC"
    },
    {
      "country": "hungary",
      "id": "EVSTUB-HUNGARY-INDA3POL003-14",
      "indicator_id": "IND-A3-POL-003",
      "path": "04 - Data & Ontology/Ontology/_machine/evidence_stubs/EVSTUB-HUNGARY-INDA3POL003-14.md",
      "tier": "UNSPEC"
    },
    {
      "country": "hungary",
      "id": "EVSTUB-HUNGARY-INDA3POL004-15",
      "indicator_id": "IND-A3-POL-004",
      "path": "04 - Data & Ontology/Ontology/_machine/evidence_stubs/EVSTUB-HUNGARY-INDA3POL004-15.md",
      "tier": "UNSPEC"
    },
    {
      "country": "hungary",
      "id": "EVSTUB-HUNGARY-INDA3POL005-16",
      "indicator_id": "IND-A3-POL-005",
      "path": "04 - Data & Ontology/Ontology/_machine/evidence_stubs/EVSTUB-HUNGARY-INDA3POL005-16.md",
      "tier": "UNSPEC"
    },
    {
      "country": "hungary",
      "id": "EVSTUB-HUNGARY-INDA4INF001-17",
      "indicator_id": "IND-A4-INF-001",
      "path": "04 - Data & Ontology/Ontology/_machine/evidence_stubs/EVSTUB-HUNGARY-INDA4INF001-17.md",
      "tier": "UNSPEC"
    },
    {
      "country": "hungary",
      "id": "EVSTUB-HUNGARY-INDA4INF002-18",
      "indicator_id": "IND-A4-INF-002",
      "path": "04 - Data & Ontology/Ontology/_machine/evidence_stubs/EVSTUB-HUNGARY-INDA4INF002-18.md",
      "tier": "UNSPEC"
    },
    {
      "country": "hungary",
      "id": "EVSTUB-HUNGARY-INDA4INF003-19",
      "indicator_id": "IND-A4-INF-003",
      "path": "04 - Data & Ontology/Ontology/_machine/evidence_stubs/EVSTUB-HUNGARY-INDA4INF003-19.md",
      "tier": "UNSPEC"
    },
    {
      "country": "hungary",
      "id": "EVSTUB-HUNGARY-INDA4INF004-20",
      "indicator_id": "IND-A4-INF-004",
      "path": "04 - Data & Ontology/Ontology/_machine/evidence_stubs/EVSTUB-HUNGARY-INDA4INF004-20.md",
      "tier": "UNSPEC"
    },
    {
      "country": "hungary",
      "id": "EVSTUB-HUNGARY-INDA4INF005-21",
      "indicator_id": "IND-A4-INF-005",
      "path": "04 - Data & Ontology/Ontology/_machine/evidence_stubs/EVSTUB-HUNGARY-INDA4INF005-21.md",
      "tier": "UNSPEC"
    },
    {
      "country": "hungary",
      "id": "EVSTUB-HUNGARY-INDA4INF006-22",
      "indicator_id": "IND-A4-INF-006",
      "path": "04 - Data & Ontology/Ontology/_machine/evidence_stubs/EVSTUB-HUNGARY-INDA4INF006-22.md",
      "tier": "UNSPEC"
    },
    {
      "country": "hungary",
      "id": "EVSTUB-HUNGARY-INDA5SUP001-23",
      "indicator_id": "IND-A5-SUP-001",
      "path": "04 - Data & Ontology/Ontology/_machine/evidence_stubs/EVSTUB-HUNGARY-INDA5SUP001-23.md",
      "tier": "UNSPEC"
    },
    {
      "country": "hungary",
      "id": "EVSTUB-HUNGARY-INDA5SUP002-24",
      "indicator_id": "IND-A5-SUP-002",
      "path": "04 - Data & Ontology/Ontology/_machine/evidence_stubs/EVSTUB-HUNGARY-INDA5SUP002-24.md",
      "tier": "UNSPEC"
    },
    {
      "country": "hungary",
      "id": "EVSTUB-HUNGARY-INDA5SUP003-25",
      "indicator_id": "IND-A5-SUP-003",
      "path": "04 - Data & Ontology/Ontology/_machine/evidence_stubs/EVSTUB-HUNGARY-INDA5SUP003-25.md",
      "tier": "UNSPEC"
    },
    {
      "country": "hungary",
      "id": "EVSTUB-HUNGARY-INDA5SUP004-26",
      "indicator_id": "IND-A5-SUP-004",
      "path": "04 - Data & Ontology/Ontology/_machine/evidence_stubs/EVSTUB-HUNGARY-INDA5SUP004-26.md",
      "tier": "UNSPEC"
    },
    {
      "country": "hungary",
      "id": "EVSTUB-HUNGARY-INDA5SUP005-27",
      "indicator_id": "IND-A5-SUP-005",
      "path": "04 - Data & Ontology/Ontology/_machine/evidence_stubs/EVSTUB-HUNGARY-INDA5SUP005-27.md",
      "tier": "UNSPEC"
    },
    {
      "country": "hungary",
      "id": "EVSTUB-HUNGARY-INDA6LAB001-28",
      "indicator_id": "IND-A6-LAB-001",
      "path": "04 - Data & Ontology/Ontology/_machine/evidence_stubs/EVSTUB-HUNGARY-INDA6LAB001-28.md",
      "tier": "UNSPEC"
    },
    {
      "country": "hungary",
      "id": "EVSTUB-HUNGARY-INDA6LAB002-29",
      "indicator_id": "IND-A6-LAB-002",
      "path": "04 - Data & Ontology/Ontology/_machine/evidence_stubs/EVSTUB-HUNGARY-INDA6LAB002-29.md",
      "tier": "UNSPEC"
    },
    {
      "country": "hungary",
      "id": "EVSTUB-HUNGARY-INDA6LAB003-30",
      "indicator_id": "IND-A6-LAB-003",
      "path": "04 - Data & Ontology/Ontology/_machine/evidence_stubs/EVSTUB-HUNGARY-INDA6LAB003-30.md",
      "tier": "UNSPEC"
    },
    {
      "country": "hungary",
      "id": "EVSTUB-HUNGARY-INDA6LAB004-31",
      "indicator_id": "IND-A6-LAB-004",
      "path": "04 - Data & Ontology/Ontology/_machine/evidence_stubs/EVSTUB-HUNGARY-INDA6LAB004-31.md",
      "tier": "UNSPEC"
    },
    {
      "country": "hungary",
      "id": "EVSTUB-HUNGARY-INDA6LAB005-32",
      "indicator_id": "IND-A6-LAB-005",
      "path": "04 - Data & Ontology/Ontology/_machine/evidence_stubs/EVSTUB-HUNGARY-INDA6LAB005-32.md",
      "tier": "UNSPEC"
    },
    {
      "country": "hungary",
      "id": "EVSTUB-HUNGARY-INDA7CAP001-33",
      "indicator_id": "IND-A7-CAP-001",
      "path": "04 - Data & Ontology/Ontology/_machine/evidence_stubs/EVSTUB-HUNGARY-INDA7CAP001-33.md",
      "tier": "UNSPEC"
    },
    {
      "country": "hungary",
      "id": "EVSTUB-HUNGARY-INDA7CAP002-34",
      "indicator_id": "IND-A7-CAP-002",
      "path": "04 - Data & Ontology/Ontology/_machine/evidence_stubs/EVSTUB-HUNGARY-INDA7CAP002-34.md",
      "tier": "UNSPEC"
    },
    {
      "country": "hungary",
      "id": "EVSTUB-HUNGARY-INDA7CAP003-35",
      "indicator_id": "IND-A7-CAP-003",
      "path": "04 - Data & Ontology/Ontology/_machine/evidence_stubs/EVSTUB-HUNGARY-INDA7CAP003-35.md",
      "tier": "UNSPEC"
    },
    {
      "country": "hungary",
      "id": "EVSTUB-HUNGARY-INDA7CAP004-36",
      "indicator_id": "IND-A7-CAP-004",
      "path": "04 - Data & Ontology/Ontology/_machine/evidence_stubs/EVSTUB-HUNGARY-INDA7CAP004-36.md",
      "tier": "UNSPEC"
    },
    {
      "country": "hungary",
      "id": "EVSTUB-HUNGARY-INDA7CAP005-37",
      "indicator_id": "IND-A7-CAP-005",
      "path": "04 - Data & Ontology/Ontology/_machine/evidence_stubs/EVSTUB-HUNGARY-INDA7CAP005-37.md",
      "tier": "UNSPEC"
    },
    {
      "country": "hungary",
      "id": "EVSTUB-HUNGARY-INDA8ESG001-38",
      "indicator_id": "IND-A8-ESG-001",
      "path": "04 - Data & Ontology/Ontology/_machine/evidence_stubs/EVSTUB-HUNGARY-INDA8ESG001-38.md",
      "tier": "UNSPEC"
    },
    {
      "country": "hungary",
      "id": "EVSTUB-HUNGARY-INDA8ESG002-39",
      "indicator_id": "IND-A8-ESG-002",
      "path": "04 - Data & Ontology/Ontology/_machine/evidence_stubs/EVSTUB-HUNGARY-INDA8ESG002-39.md",
      "tier": "UNSPEC"
    },
    {
      "country": "hungary",
      "id": "EVSTUB-HUNGARY-INDA8ESG003-40",
      "indicator_id": "IND-A8-ESG-003",
      "path": "04 - Data & Ontology/Ontology/_machine/evidence_stubs/EVSTUB-HUNGARY-INDA8ESG003-40.md",
      "tier": "UNSPEC"
    },
    {
      "country": "hungary",
      "id": "EVSTUB-HUNGARY-INDA8ESG004-41",
      "indicator_id": "IND-A8-ESG-004",
      "path": "04 - Data & Ontology/Ontology/_machine/evidence_stubs/EVSTUB-HUNGARY-INDA8ESG004-41.md",
      "tier": "UNSPEC"
    },
    {
      "country": "hungary",
      "id": "EVSTUB-HUNGARY-INDA8ESG005-42",
      "indicator_id": "IND-A8-ESG-005",
      "path": "04 - Data & Ontology/Ontology/_machine/evidence_stubs/EVSTUB-HUNGARY-INDA8ESG005-42.md",
      "tier": "UNSPEC"
    },
    {
      "country": "malaysia",
      "id": "EVSTUB-MALAYSIA-INDA1REG001-43",
      "indicator_id": "IND-A1-REG-001",
      "path": "04 - Data & Ontology/Ontology/_machine/evidence_stubs/EVSTUB-MALAYSIA-INDA1REG001-43.md",
      "tier": "UNSPEC"
    },
    {
      "country": "malaysia",
      "id": "EVSTUB-MALAYSIA-INDA1REG002-44",
      "indicator_id": "IND-A1-REG-002",
      "path": "04 - Data & Ontology/Ontology/_machine/evidence_stubs/EVSTUB-MALAYSIA-INDA1REG002-44.md",
      "tier": "UNSPEC"
    },
    {
      "country": "malaysia",
      "id": "EVSTUB-MALAYSIA-INDA1REG003-45",
      "indicator_id": "IND-A1-REG-003",
      "path": "04 - Data & Ontology/Ontology/_machine/evidence_stubs/EVSTUB-MALAYSIA-INDA1REG003-45.md",
      "tier": "UNSPEC"
    },
    {
      "country": "malaysia",
      "id": "EVSTUB-MALAYSIA-INDA1REG004-46",
      "indicator_id": "IND-A1-REG-004",
      "path": "04 - Data & Ontology/Ontology/_machine/evidence_stubs/EVSTUB-MALAYSIA-INDA1REG004-46.md",
      "tier": "UNSPEC"
    },
    {
      "country": "malaysia",
      "id": "EVSTUB-MALAYSIA-INDA1REG005-47",
      "indicator_id": "IND-A1-REG-005",
      "path": "04 - Data & Ontology/Ontology/_machine/evidence_stubs/EVSTUB-MALAYSIA-INDA1REG005-47.md",
      "tier": "UNSPEC"
    },
    {
      "country": "malaysia",
      "id": "EVSTUB-MALAYSIA-INDA1REG006-48",
      "indicator_id": "IND-A1-REG-006",
      "path": "04 - Data & Ontology/Ontology/_machine/evidence_stubs/EVSTUB-MALAYSIA-INDA1REG006-48.md",
      "tier": "UNSPEC"
    },
    {
      "country": "malaysia",
      "id": "EVSTUB-MALAYSIA-INDA2GEO001-49",
      "indicator_id": "IND-A2-GEO-001",
      "path": "04 - Data & Ontology/Ontology/_machine/evidence_stubs/EVSTUB-MALAYSIA-INDA2GEO001-49.md",
      "tier": "UNSPEC"
    },
    {
      "country": "malaysia",
      "id": "EVSTUB-MALAYSIA-INDA2GEO002-50",
      "indicator_id": "IND-A2-GEO-002",
      "path": "04 - Data & Ontology/Ontology/_machine/evidence_stubs/EVSTUB-MALAYSIA-INDA2GEO002-50.md",
      "tier": "UNSPEC"
    },
    {
      "country": "malaysia",
      "id": "EVSTUB-MALAYSIA-INDA2GEO003-51",
      "indicator_id": "IND-A2-GEO-003",
      "path": "04 - Data & Ontology/Ontology/_machine/evidence_stubs/EVSTUB-MALAYSIA-INDA2GEO003-51.md",
      "tier": "UNSPEC"
    },
    {
      "country": "malaysia",
      "id": "EVSTUB-MALAYSIA-INDA2GEO004-52",
      "indicator_id": "IND-A2-GEO-004",
      "path": "04 - Data & Ontology/Ontology/_machine/evidence_stubs/EVSTUB-MALAYSIA-INDA2GEO004-52.md",
      "tier": "UNSPEC"
    },
    {
      "country": "malaysia",
      "id": "EVSTUB-MALAYSIA-INDA2GEO005-53",
      "indicator_id": "IND-A2-GEO-005",
      "path": "04 - Data & Ontology/Ontology/_machine/evidence_stubs/EVSTUB-MALAYSIA-INDA2GEO005-53.md",
      "tier": "UNSPEC"
    },
    {
      "country": "malaysia",
      "id": "EVSTUB-MALAYSIA-INDA3POL001-54",
      "indicator_id": "IND-A3-POL-001",
      "path": "04 - Data & Ontology/Ontology/_machine/evidence_stubs/EVSTUB-MALAYSIA-INDA3POL001-54.md",
      "tier": "UNSPEC"
    },
    {
      "country": "malaysia",
      "id": "EVSTUB-MALAYSIA-INDA3POL002-55",
      "indicator_id": "IND-A3-POL-002",
      "path": "04 - Data & Ontology/Ontology/_machine/evidence_stubs/EVSTUB-MALAYSIA-INDA3POL002-55.md",
      "tier": "UNSPEC"
    },
    {
      "country": "malaysia",
      "id": "EVSTUB-MALAYSIA-INDA3POL003-56",
      "indicator_id": "IND-A3-POL-003",
      "path": "04 - Data & Ontology/Ontology/_machine/evidence_stubs/EVSTUB-MALAYSIA-INDA3POL003-56.md",
      "tier": "UNSPEC"
    },
    {
      "country": "malaysia",
      "id": "EVSTUB-MALAYSIA-INDA3POL004-57",
      "indicator_id": "IND-A3-POL-004",
      "path": "04 - Data & Ontology/Ontology/_machine/evidence_stubs/EVSTUB-MALAYSIA-INDA3POL004-57.md",
      "tier": "UNSPEC"
    },
    {
      "country": "malaysia",
      "id": "EVSTUB-MALAYSIA-INDA3POL005-58",
      "indicator_id": "IND-A3-POL-005",
      "path": "04 - Data & Ontology/Ontology/_machine/evidence_stubs/EVSTUB-MALAYSIA-INDA3POL005-58.md",
      "tier": "UNSPEC"
    },
    {
      "country": "malaysia",
      "id": "EVSTUB-MALAYSIA-INDA4INF001-59",
      "indicator_id": "IND-A4-INF-001",
      "path": "04 - Data & Ontology/Ontology/_machine/evidence_stubs/EVSTUB-MALAYSIA-INDA4INF001-59.md",
      "tier": "UNSPEC"
    },
    {
      "country": "malaysia",
      "id": "EVSTUB-MALAYSIA-INDA4INF002-60",
      "indicator_id": "IND-A4-INF-002",
      "path": "04 - Data & Ontology/Ontology/_machine/evidence_stubs/EVSTUB-MALAYSIA-INDA4INF002-60.md",
      "tier": "UNSPEC"
    },
    {
      "country": "malaysia",
      "id": "EVSTUB-MALAYSIA-INDA4INF003-61",
      "indicator_id": "IND-A4-INF-003",
      "path": "04 - Data & Ontology/Ontology/_machine/evidence_stubs/EVSTUB-MALAYSIA-INDA4INF003-61.md",
      "tier": "UNSPEC"
    },
    {
      "country": "malaysia",
      "id": "EVSTUB-MALAYSIA-INDA4INF004-62",
      "indicator_id": "IND-A4-INF-004",
      "path": "04 - Data & Ontology/Ontology/_machine/evidence_stubs/EVSTUB-MALAYSIA-INDA4INF004-62.md",
      "tier": "UNSPEC"
    },
    {
      "country": "malaysia",
      "id": "EVSTUB-MALAYSIA-INDA4INF005-63",
      "indicator_id": "IND-A4-INF-005",
      "path": "04 - Data & Ontology/Ontology/_machine/evidence_stubs/EVSTUB-MALAYSIA-INDA4INF005-63.md",
      "tier": "UNSPEC"
    },
    {
      "country": "malaysia",
      "id": "EVSTUB-MALAYSIA-INDA4INF006-64",
      "indicator_id": "IND-A4-INF-006",
      "path": "04 - Data & Ontology/Ontology/_machine/evidence_stubs/EVSTUB-MALAYSIA-INDA4INF006-64.md",
      "tier": "UNSPEC"
    },
    {
      "country": "malaysia",
      "id": "EVSTUB-MALAYSIA-INDA5SUP001-65",
      "indicator_id": "IND-A5-SUP-001",
      "path": "04 - Data & Ontology/Ontology/_machine/evidence_stubs/EVSTUB-MALAYSIA-INDA5SUP001-65.md",
      "tier": "UNSPEC"
    },
    {
      "country": "malaysia",
      "id": "EVSTUB-MALAYSIA-INDA5SUP002-66",
      "indicator_id": "IND-A5-SUP-002",
      "path": "04 - Data & Ontology/Ontology/_machine/evidence_stubs/EVSTUB-MALAYSIA-INDA5SUP002-66.md",
      "tier": "UNSPEC"
    },
    {
      "country": "malaysia",
      "id": "EVSTUB-MALAYSIA-INDA5SUP003-67",
      "indicator_id": "IND-A5-SUP-003",
      "path": "04 - Data & Ontology/Ontology/_machine/evidence_stubs/EVSTUB-MALAYSIA-INDA5SUP003-67.md",
      "tier": "UNSPEC"
    },
    {
      "country": "malaysia",
      "id": "EVSTUB-MALAYSIA-INDA5SUP004-68",
      "indicator_id": "IND-A5-SUP-004",
      "path": "04 - Data & Ontology/Ontology/_machine/evidence_stubs/EVSTUB-MALAYSIA-INDA5SUP004-68.md",
      "tier": "UNSPEC"
    },
    {
      "country": "malaysia",
      "id": "EVSTUB-MALAYSIA-INDA5SUP005-69",
      "indicator_id": "IND-A5-SUP-005",
      "path": "04 - Data & Ontology/Ontology/_machine/evidence_stubs/EVSTUB-MALAYSIA-INDA5SUP005-69.md",
      "tier": "UNSPEC"
    },
    {
      "country": "malaysia",
      "id": "EVSTUB-MALAYSIA-INDA6LAB001-70",
      "indicator_id": "IND-A6-LAB-001",
      "path": "04 - Data & Ontology/Ontology/_machine/evidence_stubs/EVSTUB-MALAYSIA-INDA6LAB001-70.md",
      "tier": "UNSPEC"
    },
    {
      "country": "malaysia",
      "id": "EVSTUB-MALAYSIA-INDA6LAB002-71",
      "indicator_id": "IND-A6-LAB-002",
      "path": "04 - Data & Ontology/Ontology/_machine/evidence_stubs/EVSTUB-MALAYSIA-INDA6LAB002-71.md",
      "tier": "UNSPEC"
    },
    {
      "country": "malaysia",
      "id": "EVSTUB-MALAYSIA-INDA6LAB003-72",
      "indicator_id": "IND-A6-LAB-003",
      "path": "04 - Data & Ontology/Ontology/_machine/evidence_stubs/EVSTUB-MALAYSIA-INDA6LAB003-72.md",
      "tier": "UNSPEC"
    },
    {
      "country": "malaysia",
      "id": "EVSTUB-MALAYSIA-INDA6LAB004-73",
      "indicator_id": "IND-A6-LAB-004",
      "path": "04 - Data & Ontology/Ontology/_machine/evidence_stubs/EVSTUB-MALAYSIA-INDA6LAB004-73.md",
      "tier": "UNSPEC"
    },
    {
      "country": "malaysia",
      "id": "EVSTUB-MALAYSIA-INDA6LAB005-74",
      "indicator_id": "IND-A6-LAB-005",
      "path": "04 - Data & Ontology/Ontology/_machine/evidence_stubs/EVSTUB-MALAYSIA-INDA6LAB005-74.md",
      "tier": "UNSPEC"
    },
    {
      "country": "malaysia",
      "id": "EVSTUB-MALAYSIA-INDA7CAP001-75",
      "indicator_id": "IND-A7-CAP-001",
      "path": "04 - Data & Ontology/Ontology/_machine/evidence_stubs/EVSTUB-MALAYSIA-INDA7CAP001-75.md",
      "tier": "UNSPEC"
    },
    {
      "country": "malaysia",
      "id": "EVSTUB-MALAYSIA-INDA7CAP002-76",
      "indicator_id": "IND-A7-CAP-002",
      "path": "04 - Data & Ontology/Ontology/_machine/evidence_stubs/EVSTUB-MALAYSIA-INDA7CAP002-76.md",
      "tier": "UNSPEC"
    },
    {
      "country": "malaysia",
      "id": "EVSTUB-MALAYSIA-INDA7CAP003-77",
      "indicator_id": "IND-A7-CAP-003",
      "path": "04 - Data & Ontology/Ontology/_machine/evidence_stubs/EVSTUB-MALAYSIA-INDA7CAP003-77.md",
      "tier": "UNSPEC"
    },
    {
      "country": "malaysia",
      "id": "EVSTUB-MALAYSIA-INDA7CAP004-78",
      "indicator_id": "IND-A7-CAP-004",
      "path": "04 - Data & Ontology/Ontology/_machine/evidence_stubs/EVSTUB-MALAYSIA-INDA7CAP004-78.md",
      "tier": "UNSPEC"
    },
    {
      "country": "malaysia",
      "id": "EVSTUB-MALAYSIA-INDA7CAP005-79",
      "indicator_id": "IND-A7-CAP-005",
      "path": "04 - Data & Ontology/Ontology/_machine/evidence_stubs/EVSTUB-MALAYSIA-INDA7CAP005-79.md",
      "tier": "UNSPEC"
    },
    {
      "country": "malaysia",
      "id": "EVSTUB-MALAYSIA-INDA8ESG001-80",
      "indicator_id": "IND-A8-ESG-001",
      "path": "04 - Data & Ontology/Ontology/_machine/evidence_stubs/EVSTUB-MALAYSIA-INDA8ESG001-80.md",
      "tier": "UNSPEC"
    }
  ],
  "version": "evidence_index.stub.v1"
}
