{
  "countries": [
    {
      "audit_domestic": "04 - Data & Ontology/Ontology/_machine/generated_plans/megabatch_2026-02-12_01/plan.onboarding.china.ev_oem_domestic.audit.v1.json",
      "audit_export": "04 - Data & Ontology/Ontology/_machine/generated_plans/megabatch_2026-02-12_01/plan.onboarding.china.ev_oem_export.audit.v1.json",
      "country": "china",
      "seed_export": "04 - Data & Ontology/Ontology/_machine/generated_plans/megabatch_2026-02-12_01/plan.onboarding.china.ev_oem_export.seed.v1.json",
      "validate": [
        {
          "ok": true,
          "plan": "04 - Data & Ontology/Ontology/_machine/generated_plans/megabatch_2026-02-12_01/plan.onboarding.china.ev_oem_export.audit.v1.json",
          "rc": 0,
          "stage": "generate",
          "stderr": ""
        },
        {
          "ok": true,
          "plan": "04 - Data & Ontology/Ontology/_machine/generated_plans/megabatch_2026-02-12_01/plan.onboarding.china.ev_oem_domestic.audit.v1.json",
          "rc": 0,
          "stage": "generate",
          "stderr": ""
        },
        {
          "ok": true,
          "plan": "04 - Data & Ontology/Ontology/_machine/generated_plans/megabatch_2026-02-12_01/plan.onboarding.china.ev_oem_export.seed.v1.json",
          "rc": 0,
          "stage": "generate",
          "stderr": ""
        },
        {
          "ok": true,
          "plan": "04 - Data & Ontology/Ontology/_machine/generated_plans/megabatch_2026-02-12_01/plan.onboarding.china.ev_oem_domestic.audit.v1.json",
          "rc": 0,
          "stage": "validate-plan"
        },
        {
          "ok": true,
          "plan": "04 - Data & Ontology/Ontology/_machine/generated_plans/megabatch_2026-02-12_01/plan.onboarding.china.ev_oem_export.audit.v1.json",
          "rc": 0,
          "stage": "validate-plan"
        },
        {
          "ok": true,
          "plan": "04 - Data & Ontology/Ontology/_machine/generated_plans/megabatch_2026-02-12_01/plan.onboarding.china.ev_oem_export.seed.v1.json",
          "rc": 0,
          "stage": "validate-plan"
        }
      ]
    },
    {
      "audit_domestic": "04 - Data & Ontology/Ontology/_machine/generated_plans/megabatch_2026-02-12_01/plan.onboarding.malaysia.ev_oem_domestic.audit.v1.json",
      "audit_export": "04 - Data & Ontology/Ontology/_machine/generated_plans/megabatch_2026-02-12_01/plan.onboarding.malaysia.ev_oem_export.audit.v1.json",
      "country": "malaysia",
      "seed_export": "04 - Data & Ontology/Ontology/_machine/generated_plans/megabatch_2026-02-12_01/plan.onboarding.malaysia.ev_oem_export.seed.v1.json",
      "validate": [
        {
          "ok": true,
          "plan": "04 - Data & Ontology/Ontology/_machine/generated_plans/megabatch_2026-02-12_01/plan.onboarding.malaysia.ev_oem_export.audit.v1.json",
          "rc": 0,
          "stage": "generate",
          "stderr": ""
        },
        {
          "ok": true,
          "plan": "04 - Data & Ontology/Ontology/_machine/generated_plans/megabatch_2026-02-12_01/plan.onboarding.malaysia.ev_oem_domestic.audit.v1.json",
          "rc": 0,
          "stage": "generate",
          "stderr": ""
        },
        {
          "ok": true,
          "plan": "04 - Data & Ontology/Ontology/_machine/generated_plans/megabatch_2026-02-12_01/plan.onboarding.malaysia.ev_oem_export.seed.v1.json",
          "rc": 0,
          "stage": "generate",
          "stderr": ""
        },
        {
          "ok": true,
          "plan": "04 - Data & Ontology/Ontology/_machine/generated_plans/megabatch_2026-02-12_01/plan.onboarding.malaysia.ev_oem_domestic.audit.v1.json",
          "rc": 0,
          "stage": "validate-plan"
        },
        {
          "ok": true,
          "plan": "04 - Data & Ontology/Ontology/_machine/generated_plans/megabatch_2026-02-12_01/plan.onboarding.malaysia.ev_oem_export.audit.v1.json",
          "rc": 0,
          "stage": "validate-plan"
        },
        {
          "ok": true,
          "plan": "04 - Data & Ontology/Ontology/_machine/generated_plans/megabatch_2026-02-12_01/plan.onboarding.malaysia.ev_oem_export.seed.v1.json",
          "rc": 0,
          "stage": "validate-plan"
        }
      ]
    },
    {
      "audit_domestic": "04 - Data & Ontology/Ontology/_machine/generated_plans/megabatch_2026-02-12_01/plan.onboarding.russia.ev_oem_domestic.audit.v1.json",
      "audit_export": "04 - Data & Ontology/Ontology/_machine/generated_plans/megabatch_2026-02-12_01/plan.onboarding.russia.ev_oem_export.audit.v1.json",
      "country": "russia",
      "seed_export": "04 - Data & Ontology/Ontology/_machine/generated_plans/megabatch_2026-02-12_01/plan.onboarding.russia.ev_oem_export.seed.v1.json",
      "validate": [
        {
          "ok": true,
          "plan": "04 - Data & Ontology/Ontology/_machine/generated_plans/megabatch_2026-02-12_01/plan.onboarding.russia.ev_oem_export.audit.v1.json",
          "rc": 0,
          "stage": "generate",
          "stderr": ""
        },
        {
          "ok": true,
          "plan": "04 - Data & Ontology/Ontology/_machine/generated_plans/megabatch_2026-02-12_01/plan.onboarding.russia.ev_oem_domestic.audit.v1.json",
          "rc": 0,
          "stage": "generate",
          "stderr": ""
        },
        {
          "ok": true,
          "plan": "04 - Data & Ontology/Ontology/_machine/generated_plans/megabatch_2026-02-12_01/plan.onboarding.russia.ev_oem_export.seed.v1.json",
          "rc": 0,
          "stage": "generate",
          "stderr": ""
        },
        {
          "ok": true,
          "plan": "04 - Data & Ontology/Ontology/_machine/generated_plans/megabatch_2026-02-12_01/plan.onboarding.russia.ev_oem_domestic.audit.v1.json",
          "rc": 0,
          "stage": "validate-plan"
        },
        {
          "ok": true,
          "plan": "04 - Data & Ontology/Ontology/_machine/generated_plans/megabatch_2026-02-12_01/plan.onboarding.russia.ev_oem_export.audit.v1.json",
          "rc": 0,
          "stage": "validate-plan"
        },
        {
          "ok": true,
          "plan": "04 - Data & Ontology/Ontology/_machine/generated_plans/megabatch_2026-02-12_01/plan.onboarding.russia.ev_oem_export.seed.v1.json",
          "rc": 0,
          "stage": "validate-plan"
        }
      ]
    },
    {
      "audit_domestic": "04 - Data & Ontology/Ontology/_machine/generated_plans/megabatch_2026-02-12_01/plan.onboarding.france.ev_oem_domestic.audit.v1.json",
      "audit_export": "04 - Data & Ontology/Ontology/_machine/generated_plans/megabatch_2026-02-12_01/plan.onboarding.france.ev_oem_export.audit.v1.json",
      "country": "france",
      "seed_export": "04 - Data & Ontology/Ontology/_machine/generated_plans/megabatch_2026-02-12_01/plan.onboarding.france.ev_oem_export.seed.v1.json",
      "validate": [
        {
          "ok": true,
          "plan": "04 - Data & Ontology/Ontology/_machine/generated_plans/megabatch_2026-02-12_01/plan.onboarding.france.ev_oem_export.audit.v1.json",
          "rc": 0,
          "stage": "generate",
          "stderr": ""
        },
        {
          "ok": true,
          "plan": "04 - Data & Ontology/Ontology/_machine/generated_plans/megabatch_2026-02-12_01/plan.onboarding.france.ev_oem_domestic.audit.v1.json",
          "rc": 0,
          "stage": "generate",
          "stderr": ""
        },
        {
          "ok": true,
          "plan": "04 - Data & Ontology/Ontology/_machine/generated_plans/megabatch_2026-02-12_01/plan.onboarding.france.ev_oem_export.seed.v1.json",
          "rc": 0,
          "stage": "generate",
          "stderr": ""
        },
        {
          "ok": true,
          "plan": "04 - Data & Ontology/Ontology/_machine/generated_plans/megabatch_2026-02-12_01/plan.onboarding.france.ev_oem_domestic.audit.v1.json",
          "rc": 0,
          "stage": "validate-plan"
        },
        {
          "ok": true,
          "plan": "04 - Data & Ontology/Ontology/_machine/generated_plans/megabatch_2026-02-12_01/plan.onboarding.france.ev_oem_export.audit.v1.json",
          "rc": 0,
          "stage": "validate-plan"
        },
        {
          "ok": true,
          "plan": "04 - Data & Ontology/Ontology/_machine/generated_plans/megabatch_2026-02-12_01/plan.onboarding.france.ev_oem_export.seed.v1.json",
          "rc": 0,
          "stage": "validate-plan"
        }
      ]
    },
    {
      "audit_domestic": "04 - Data & Ontology/Ontology/_machine/generated_plans/megabatch_2026-02-12_01/plan.onboarding.germany.ev_oem_domestic.audit.v1.json",
      "audit_export": "04 - Data & Ontology/Ontology/_machine/generated_plans/megabatch_2026-02-12_01/plan.onboarding.germany.ev_oem_export.audit.v1.json",
      "country": "germany",
      "seed_export": "04 - Data & Ontology/Ontology/_machine/generated_plans/megabatch_2026-02-12_01/plan.onboarding.germany.ev_oem_export.seed.v1.json",
      "validate": [
        {
          "ok": true,
          "plan": "04 - Data & Ontology/Ontology/_machine/generated_plans/megabatch_2026-02-12_01/plan.onboarding.germany.ev_oem_export.audit.v1.json",
          "rc": 0,
          "stage": "generate",
          "stderr": ""
        },
        {
          "ok": true,
          "plan": "04 - Data & Ontology/Ontology/_machine/generated_plans/megabatch_2026-02-12_01/plan.onboarding.germany.ev_oem_domestic.audit.v1.json",
          "rc": 0,
          "stage": "generate",
          "stderr": ""
        },
        {
          "ok": true,
          "plan": "04 - Data & Ontology/Ontology/_machine/generated_plans/megabatch_2026-02-12_01/plan.onboarding.germany.ev_oem_export.seed.v1.json",
          "rc": 0,
          "stage": "generate",
          "stderr": ""
        },
        {
          "ok": true,
          "plan": "04 - Data & Ontology/Ontology/_machine/generated_plans/megabatch_2026-02-12_01/plan.onboarding.germany.ev_oem_domestic.audit.v1.json",
          "rc": 0,
          "stage": "validate-plan"
        },
        {
          "ok": true,
          "plan": "04 - Data & Ontology/Ontology/_machine/generated_plans/megabatch_2026-02-12_01/plan.onboarding.germany.ev_oem_export.audit.v1.json",
          "rc": 0,
          "stage": "validate-plan"
        },
        {
          "ok": true,
          "plan": "04 - Data & Ontology/Ontology/_machine/generated_plans/megabatch_2026-02-12_01/plan.onboarding.germany.ev_oem_export.seed.v1.json",
          "rc": 0,
          "stage": "validate-plan"
        }
      ]
    },
    {
      "audit_domestic": "04 - Data & Ontology/Ontology/_machine/generated_plans/megabatch_2026-02-12_01/plan.onboarding.uk.ev_oem_domestic.audit.v1.json",
      "audit_export": "04 - Data & Ontology/Ontology/_machine/generated_plans/megabatch_2026-02-12_01/plan.onboarding.uk.ev_oem_export.audit.v1.json",
      "country": "uk",
      "seed_export": "04 - Data & Ontology/Ontology/_machine/generated_plans/megabatch_2026-02-12_01/plan.onboarding.uk.ev_oem_export.seed.v1.json",
      "validate": [
        {
          "ok": true,
          "plan": "04 - Data & Ontology/Ontology/_machine/generated_plans/megabatch_2026-02-12_01/plan.onboarding.uk.ev_oem_export.audit.v1.json",
          "rc": 0,
          "stage": "generate",
          "stderr": ""
        },
        {
          "ok": true,
          "plan": "04 - Data & Ontology/Ontology/_machine/generated_plans/megabatch_2026-02-12_01/plan.onboarding.uk.ev_oem_domestic.audit.v1.json",
          "rc": 0,
          "stage": "generate",
          "stderr": ""
        },
        {
          "ok": true,
          "plan": "04 - Data & Ontology/Ontology/_machine/generated_plans/megabatch_2026-02-12_01/plan.onboarding.uk.ev_oem_export.seed.v1.json",
          "rc": 0,
          "stage": "generate",
          "stderr": ""
        },
        {
          "ok": true,
          "plan": "04 - Data & Ontology/Ontology/_machine/generated_plans/megabatch_2026-02-12_01/plan.onboarding.uk.ev_oem_domestic.audit.v1.json",
          "rc": 0,
          "stage": "validate-plan"
        },
        {
          "ok": true,
          "plan": "04 - Data & Ontology/Ontology/_machine/generated_plans/megabatch_2026-02-12_01/plan.onboarding.uk.ev_oem_export.audit.v1.json",
          "rc": 0,
          "stage": "validate-plan"
        },
        {
          "ok": true,
          "plan": "04 - Data & Ontology/Ontology/_machine/generated_plans/megabatch_2026-02-12_01/plan.onboarding.uk.ev_oem_export.seed.v1.json",
          "rc": 0,
          "stage": "validate-plan"
        }
      ]
    },
    {
      "audit_domestic": "04 - Data & Ontology/Ontology/_machine/generated_plans/megabatch_2026-02-12_01/plan.onboarding.us.ev_oem_domestic.audit.v1.json",
      "audit_export": "04 - Data & Ontology/Ontology/_machine/generated_plans/megabatch_2026-02-12_01/plan.onboarding.us.ev_oem_export.audit.v1.json",
      "country": "us",
      "seed_export": "04 - Data & Ontology/Ontology/_machine/generated_plans/megabatch_2026-02-12_01/plan.onboarding.us.ev_oem_export.seed.v1.json",
      "validate": [
        {
          "ok": true,
          "plan": "04 - Data & Ontology/Ontology/_machine/generated_plans/megabatch_2026-02-12_01/plan.onboarding.us.ev_oem_export.audit.v1.json",
          "rc": 0,
          "stage": "generate",
          "stderr": ""
        },
        {
          "ok": true,
          "plan": "04 - Data & Ontology/Ontology/_machine/generated_plans/megabatch_2026-02-12_01/plan.onboarding.us.ev_oem_domestic.audit.v1.json",
          "rc": 0,
          "stage": "generate",
          "stderr": ""
        },
        {
          "ok": true,
          "plan": "04 - Data & Ontology/Ontology/_machine/generated_plans/megabatch_2026-02-12_01/plan.onboarding.us.ev_oem_export.seed.v1.json",
          "rc": 0,
          "stage": "generate",
          "stderr": ""
        },
        {
          "ok": true,
          "plan": "04 - Data & Ontology/Ontology/_machine/generated_plans/megabatch_2026-02-12_01/plan.onboarding.us.ev_oem_domestic.audit.v1.json",
          "rc": 0,
          "stage": "validate-plan"
        },
        {
          "ok": true,
          "plan": "04 - Data & Ontology/Ontology/_machine/generated_plans/megabatch_2026-02-12_01/plan.onboarding.us.ev_oem_export.audit.v1.json",
          "rc": 0,
          "stage": "validate-plan"
        },
        {
          "ok": true,
          "plan": "04 - Data & Ontology/Ontology/_machine/generated_plans/megabatch_2026-02-12_01/plan.onboarding.us.ev_oem_export.seed.v1.json",
          "rc": 0,
          "stage": "validate-plan"
        }
      ]
    },
    {
      "audit_domestic": "04 - Data & Ontology/Ontology/_machine/generated_plans/megabatch_2026-02-12_01/plan.onboarding.turkey.ev_oem_domestic.audit.v1.json",
      "audit_export": "04 - Data & Ontology/Ontology/_machine/generated_plans/megabatch_2026-02-12_01/plan.onboarding.turkey.ev_oem_export.audit.v1.json",
      "country": "turkey",
      "seed_export": "04 - Data & Ontology/Ontology/_machine/generated_plans/megabatch_2026-02-12_01/plan.onboarding.turkey.ev_oem_export.seed.v1.json",
      "validate": [
        {
          "ok": true,
          "plan": "04 - Data & Ontology/Ontology/_machine/generated_plans/megabatch_2026-02-12_01/plan.onboarding.turkey.ev_oem_export.audit.v1.json",
          "rc": 0,
          "stage": "generate",
          "stderr": ""
        },
        {
          "ok": true,
          "plan": "04 - Data & Ontology/Ontology/_machine/generated_plans/megabatch_2026-02-12_01/plan.onboarding.turkey.ev_oem_domestic.audit.v1.json",
          "rc": 0,
          "stage": "generate",
          "stderr": ""
        },
        {
          "ok": true,
          "plan": "04 - Data & Ontology/Ontology/_machine/generated_plans/megabatch_2026-02-12_01/plan.onboarding.turkey.ev_oem_export.seed.v1.json",
          "rc": 0,
          "stage": "generate",
          "stderr": ""
        },
        {
          "ok": true,
          "plan": "04 - Data & Ontology/Ontology/_machine/generated_plans/megabatch_2026-02-12_01/plan.onboarding.turkey.ev_oem_domestic.audit.v1.json",
          "rc": 0,
          "stage": "validate-plan"
        },
        {
          "ok": true,
          "plan": "04 - Data & Ontology/Ontology/_machine/generated_plans/megabatch_2026-02-12_01/plan.onboarding.turkey.ev_oem_export.audit.v1.json",
          "rc": 0,
          "stage": "validate-plan"
        },
        {
          "ok": true,
          "plan": "04 - Data & Ontology/Ontology/_machine/generated_plans/megabatch_2026-02-12_01/plan.onboarding.turkey.ev_oem_export.seed.v1.json",
          "rc": 0,
          "stage": "validate-plan"
        }
      ]
    }
  ],
  "generated_at": "2026-02-12T21:06:04+00:00",
  "output_dir": "04 - Data & Ontology/Ontology/_machine/generated_plans/megabatch_2026-02-12_01"
}
