{
  "country_iso3": "ALL",
  "created_at": "2026-02-12T21:06:17+00:00",
  "metadata": {
    "generator": "generate_evidence_stubs.py",
    "note": "Contains suggestions only. Attaching evidence refs to packs requires explicit scoped edits and --allow-edits.",
    "report_only_safe": true,
    "suggested_evidence_attachments": [
      {
        "country": "hungary",
        "evidence_stub_id": "EVSTUB-HUNGARY-INDA1REG001-01",
        "evidence_stub_path": "04 - Data & Ontology/Ontology/_machine/evidence_stubs/EVSTUB-HUNGARY-INDA1REG001-01.md",
        "indicator_id": "IND-A1-REG-001"
      },
      {
        "country": "hungary",
        "evidence_stub_id": "EVSTUB-HUNGARY-INDA1REG002-02",
        "evidence_stub_path": "04 - Data & Ontology/Ontology/_machine/evidence_stubs/EVSTUB-HUNGARY-INDA1REG002-02.md",
        "indicator_id": "IND-A1-REG-002"
      },
      {
        "country": "hungary",
        "evidence_stub_id": "EVSTUB-HUNGARY-INDA1REG003-03",
        "evidence_stub_path": "04 - Data & Ontology/Ontology/_machine/evidence_stubs/EVSTUB-HUNGARY-INDA1REG003-03.md",
        "indicator_id": "IND-A1-REG-003"
      },
      {
        "country": "hungary",
        "evidence_stub_id": "EVSTUB-HUNGARY-INDA1REG004-04",
        "evidence_stub_path": "04 - Data & Ontology/Ontology/_machine/evidence_stubs/EVSTUB-HUNGARY-INDA1REG004-04.md",
        "indicator_id": "IND-A1-REG-004"
      },
      {
        "country": "hungary",
        "evidence_stub_id": "EVSTUB-HUNGARY-INDA1REG005-05",
        "evidence_stub_path": "04 - Data & Ontology/Ontology/_machine/evidence_stubs/EVSTUB-HUNGARY-INDA1REG005-05.md",
        "indicator_id": "IND-A1-REG-005"
      },
      {
        "country": "hungary",
        "evidence_stub_id": "EVSTUB-HUNGARY-INDA1REG006-06",
        "evidence_stub_path": "04 - Data & Ontology/Ontology/_machine/evidence_stubs/EVSTUB-HUNGARY-INDA1REG006-06.md",
        "indicator_id": "IND-A1-REG-006"
      },
      {
        "country": "hungary",
        "evidence_stub_id": "EVSTUB-HUNGARY-INDA2GEO001-07",
        "evidence_stub_path": "04 - Data & Ontology/Ontology/_machine/evidence_stubs/EVSTUB-HUNGARY-INDA2GEO001-07.md",
        "indicator_id": "IND-A2-GEO-001"
      },
      {
        "country": "hungary",
        "evidence_stub_id": "EVSTUB-HUNGARY-INDA2GEO002-08",
        "evidence_stub_path": "04 - Data & Ontology/Ontology/_machine/evidence_stubs/EVSTUB-HUNGARY-INDA2GEO002-08.md",
        "indicator_id": "IND-A2-GEO-002"
      },
      {
        "country": "hungary",
        "evidence_stub_id": "EVSTUB-HUNGARY-INDA2GEO003-09",
        "evidence_stub_path": "04 - Data & Ontology/Ontology/_machine/evidence_stubs/EVSTUB-HUNGARY-INDA2GEO003-09.md",
        "indicator_id": "IND-A2-GEO-003"
      },
      {
        "country": "hungary",
        "evidence_stub_id": "EVSTUB-HUNGARY-INDA2GEO004-10",
        "evidence_stub_path": "04 - Data & Ontology/Ontology/_machine/evidence_stubs/EVSTUB-HUNGARY-INDA2GEO004-10.md",
        "indicator_id": "IND-A2-GEO-004"
      },
      {
        "country": "hungary",
        "evidence_stub_id": "EVSTUB-HUNGARY-INDA2GEO005-11",
        "evidence_stub_path": "04 - Data & Ontology/Ontology/_machine/evidence_stubs/EVSTUB-HUNGARY-INDA2GEO005-11.md",
        "indicator_id": "IND-A2-GEO-005"
      },
      {
        "country": "hungary",
        "evidence_stub_id": "EVSTUB-HUNGARY-INDA3POL001-12",
        "evidence_stub_path": "04 - Data & Ontology/Ontology/_machine/evidence_stubs/EVSTUB-HUNGARY-INDA3POL001-12.md",
        "indicator_id": "IND-A3-POL-001"
      },
      {
        "country": "hungary",
        "evidence_stub_id": "EVSTUB-HUNGARY-INDA3POL002-13",
        "evidence_stub_path": "04 - Data & Ontology/Ontology/_machine/evidence_stubs/EVSTUB-HUNGARY-INDA3POL002-13.md",
        "indicator_id": "IND-A3-POL-002"
      },
      {
        "country": "hungary",
        "evidence_stub_id": "EVSTUB-HUNGARY-INDA3POL003-14",
        "evidence_stub_path": "04 - Data & Ontology/Ontology/_machine/evidence_stubs/EVSTUB-HUNGARY-INDA3POL003-14.md",
        "indicator_id": "IND-A3-POL-003"
      },
      {
        "country": "hungary",
        "evidence_stub_id": "EVSTUB-HUNGARY-INDA3POL004-15",
        "evidence_stub_path": "04 - Data & Ontology/Ontology/_machine/evidence_stubs/EVSTUB-HUNGARY-INDA3POL004-15.md",
        "indicator_id": "IND-A3-POL-004"
      },
      {
        "country": "hungary",
        "evidence_stub_id": "EVSTUB-HUNGARY-INDA3POL005-16",
        "evidence_stub_path": "04 - Data & Ontology/Ontology/_machine/evidence_stubs/EVSTUB-HUNGARY-INDA3POL005-16.md",
        "indicator_id": "IND-A3-POL-005"
      },
      {
        "country": "hungary",
        "evidence_stub_id": "EVSTUB-HUNGARY-INDA4INF001-17",
        "evidence_stub_path": "04 - Data & Ontology/Ontology/_machine/evidence_stubs/EVSTUB-HUNGARY-INDA4INF001-17.md",
        "indicator_id": "IND-A4-INF-001"
      },
      {
        "country": "hungary",
        "evidence_stub_id": "EVSTUB-HUNGARY-INDA4INF002-18",
        "evidence_stub_path": "04 - Data & Ontology/Ontology/_machine/evidence_stubs/EVSTUB-HUNGARY-INDA4INF002-18.md",
        "indicator_id": "IND-A4-INF-002"
      },
      {
        "country": "hungary",
        "evidence_stub_id": "EVSTUB-HUNGARY-INDA4INF003-19",
        "evidence_stub_path": "04 - Data & Ontology/Ontology/_machine/evidence_stubs/EVSTUB-HUNGARY-INDA4INF003-19.md",
        "indicator_id": "IND-A4-INF-003"
      },
      {
        "country": "hungary",
        "evidence_stub_id": "EVSTUB-HUNGARY-INDA4INF004-20",
        "evidence_stub_path": "04 - Data & Ontology/Ontology/_machine/evidence_stubs/EVSTUB-HUNGARY-INDA4INF004-20.md",
        "indicator_id": "IND-A4-INF-004"
      },
      {
        "country": "hungary",
        "evidence_stub_id": "EVSTUB-HUNGARY-INDA4INF005-21",
        "evidence_stub_path": "04 - Data & Ontology/Ontology/_machine/evidence_stubs/EVSTUB-HUNGARY-INDA4INF005-21.md",
        "indicator_id": "IND-A4-INF-005"
      },
      {
        "country": "hungary",
        "evidence_stub_id": "EVSTUB-HUNGARY-INDA4INF006-22",
        "evidence_stub_path": "04 - Data & Ontology/Ontology/_machine/evidence_stubs/EVSTUB-HUNGARY-INDA4INF006-22.md",
        "indicator_id": "IND-A4-INF-006"
      },
      {
        "country": "hungary",
        "evidence_stub_id": "EVSTUB-HUNGARY-INDA5SUP001-23",
        "evidence_stub_path": "04 - Data & Ontology/Ontology/_machine/evidence_stubs/EVSTUB-HUNGARY-INDA5SUP001-23.md",
        "indicator_id": "IND-A5-SUP-001"
      },
      {
        "country": "hungary",
        "evidence_stub_id": "EVSTUB-HUNGARY-INDA5SUP002-24",
        "evidence_stub_path": "04 - Data & Ontology/Ontology/_machine/evidence_stubs/EVSTUB-HUNGARY-INDA5SUP002-24.md",
        "indicator_id": "IND-A5-SUP-002"
      },
      {
        "country": "hungary",
        "evidence_stub_id": "EVSTUB-HUNGARY-INDA5SUP003-25",
        "evidence_stub_path": "04 - Data & Ontology/Ontology/_machine/evidence_stubs/EVSTUB-HUNGARY-INDA5SUP003-25.md",
        "indicator_id": "IND-A5-SUP-003"
      },
      {
        "country": "hungary",
        "evidence_stub_id": "EVSTUB-HUNGARY-INDA5SUP004-26",
        "evidence_stub_path": "04 - Data & Ontology/Ontology/_machine/evidence_stubs/EVSTUB-HUNGARY-INDA5SUP004-26.md",
        "indicator_id": "IND-A5-SUP-004"
      },
      {
        "country": "hungary",
        "evidence_stub_id": "EVSTUB-HUNGARY-INDA5SUP005-27",
        "evidence_stub_path": "04 - Data & Ontology/Ontology/_machine/evidence_stubs/EVSTUB-HUNGARY-INDA5SUP005-27.md",
        "indicator_id": "IND-A5-SUP-005"
      },
      {
        "country": "hungary",
        "evidence_stub_id": "EVSTUB-HUNGARY-INDA6LAB001-28",
        "evidence_stub_path": "04 - Data & Ontology/Ontology/_machine/evidence_stubs/EVSTUB-HUNGARY-INDA6LAB001-28.md",
        "indicator_id": "IND-A6-LAB-001"
      },
      {
        "country": "hungary",
        "evidence_stub_id": "EVSTUB-HUNGARY-INDA6LAB002-29",
        "evidence_stub_path": "04 - Data & Ontology/Ontology/_machine/evidence_stubs/EVSTUB-HUNGARY-INDA6LAB002-29.md",
        "indicator_id": "IND-A6-LAB-002"
      },
      {
        "country": "hungary",
        "evidence_stub_id": "EVSTUB-HUNGARY-INDA6LAB003-30",
        "evidence_stub_path": "04 - Data & Ontology/Ontology/_machine/evidence_stubs/EVSTUB-HUNGARY-INDA6LAB003-30.md",
        "indicator_id": "IND-A6-LAB-003"
      },
      {
        "country": "hungary",
        "evidence_stub_id": "EVSTUB-HUNGARY-INDA6LAB004-31",
        "evidence_stub_path": "04 - Data & Ontology/Ontology/_machine/evidence_stubs/EVSTUB-HUNGARY-INDA6LAB004-31.md",
        "indicator_id": "IND-A6-LAB-004"
      },
      {
        "country": "hungary",
        "evidence_stub_id": "EVSTUB-HUNGARY-INDA6LAB005-32",
        "evidence_stub_path": "04 - Data & Ontology/Ontology/_machine/evidence_stubs/EVSTUB-HUNGARY-INDA6LAB005-32.md",
        "indicator_id": "IND-A6-LAB-005"
      },
      {
        "country": "hungary",
        "evidence_stub_id": "EVSTUB-HUNGARY-INDA7CAP001-33",
        "evidence_stub_path": "04 - Data & Ontology/Ontology/_machine/evidence_stubs/EVSTUB-HUNGARY-INDA7CAP001-33.md",
        "indicator_id": "IND-A7-CAP-001"
      },
      {
        "country": "hungary",
        "evidence_stub_id": "EVSTUB-HUNGARY-INDA7CAP002-34",
        "evidence_stub_path": "04 - Data & Ontology/Ontology/_machine/evidence_stubs/EVSTUB-HUNGARY-INDA7CAP002-34.md",
        "indicator_id": "IND-A7-CAP-002"
      },
      {
        "country": "hungary",
        "evidence_stub_id": "EVSTUB-HUNGARY-INDA7CAP003-35",
        "evidence_stub_path": "04 - Data & Ontology/Ontology/_machine/evidence_stubs/EVSTUB-HUNGARY-INDA7CAP003-35.md",
        "indicator_id": "IND-A7-CAP-003"
      },
      {
        "country": "hungary",
        "evidence_stub_id": "EVSTUB-HUNGARY-INDA7CAP004-36",
        "evidence_stub_path": "04 - Data & Ontology/Ontology/_machine/evidence_stubs/EVSTUB-HUNGARY-INDA7CAP004-36.md",
        "indicator_id": "IND-A7-CAP-004"
      },
      {
        "country": "hungary",
        "evidence_stub_id": "EVSTUB-HUNGARY-INDA7CAP005-37",
        "evidence_stub_path": "04 - Data & Ontology/Ontology/_machine/evidence_stubs/EVSTUB-HUNGARY-INDA7CAP005-37.md",
        "indicator_id": "IND-A7-CAP-005"
      },
      {
        "country": "hungary",
        "evidence_stub_id": "EVSTUB-HUNGARY-INDA8ESG001-38",
        "evidence_stub_path": "04 - Data & Ontology/Ontology/_machine/evidence_stubs/EVSTUB-HUNGARY-INDA8ESG001-38.md",
        "indicator_id": "IND-A8-ESG-001"
      },
      {
        "country": "hungary",
        "evidence_stub_id": "EVSTUB-HUNGARY-INDA8ESG002-39",
        "evidence_stub_path": "04 - Data & Ontology/Ontology/_machine/evidence_stubs/EVSTUB-HUNGARY-INDA8ESG002-39.md",
        "indicator_id": "IND-A8-ESG-002"
      },
      {
        "country": "hungary",
        "evidence_stub_id": "EVSTUB-HUNGARY-INDA8ESG003-40",
        "evidence_stub_path": "04 - Data & Ontology/Ontology/_machine/evidence_stubs/EVSTUB-HUNGARY-INDA8ESG003-40.md",
        "indicator_id": "IND-A8-ESG-003"
      },
      {
        "country": "hungary",
        "evidence_stub_id": "EVSTUB-HUNGARY-INDA8ESG004-41",
        "evidence_stub_path": "04 - Data & Ontology/Ontology/_machine/evidence_stubs/EVSTUB-HUNGARY-INDA8ESG004-41.md",
        "indicator_id": "IND-A8-ESG-004"
      },
      {
        "country": "hungary",
        "evidence_stub_id": "EVSTUB-HUNGARY-INDA8ESG005-42",
        "evidence_stub_path": "04 - Data & Ontology/Ontology/_machine/evidence_stubs/EVSTUB-HUNGARY-INDA8ESG005-42.md",
        "indicator_id": "IND-A8-ESG-005"
      },
      {
        "country": "malaysia",
        "evidence_stub_id": "EVSTUB-MALAYSIA-INDA1REG001-43",
        "evidence_stub_path": "04 - Data & Ontology/Ontology/_machine/evidence_stubs/EVSTUB-MALAYSIA-INDA1REG001-43.md",
        "indicator_id": "IND-A1-REG-001"
      },
      {
        "country": "malaysia",
        "evidence_stub_id": "EVSTUB-MALAYSIA-INDA1REG002-44",
        "evidence_stub_path": "04 - Data & Ontology/Ontology/_machine/evidence_stubs/EVSTUB-MALAYSIA-INDA1REG002-44.md",
        "indicator_id": "IND-A1-REG-002"
      },
      {
        "country": "malaysia",
        "evidence_stub_id": "EVSTUB-MALAYSIA-INDA1REG003-45",
        "evidence_stub_path": "04 - Data & Ontology/Ontology/_machine/evidence_stubs/EVSTUB-MALAYSIA-INDA1REG003-45.md",
        "indicator_id": "IND-A1-REG-003"
      },
      {
        "country": "malaysia",
        "evidence_stub_id": "EVSTUB-MALAYSIA-INDA1REG004-46",
        "evidence_stub_path": "04 - Data & Ontology/Ontology/_machine/evidence_stubs/EVSTUB-MALAYSIA-INDA1REG004-46.md",
        "indicator_id": "IND-A1-REG-004"
      },
      {
        "country": "malaysia",
        "evidence_stub_id": "EVSTUB-MALAYSIA-INDA1REG005-47",
        "evidence_stub_path": "04 - Data & Ontology/Ontology/_machine/evidence_stubs/EVSTUB-MALAYSIA-INDA1REG005-47.md",
        "indicator_id": "IND-A1-REG-005"
      },
      {
        "country": "malaysia",
        "evidence_stub_id": "EVSTUB-MALAYSIA-INDA1REG006-48",
        "evidence_stub_path": "04 - Data & Ontology/Ontology/_machine/evidence_stubs/EVSTUB-MALAYSIA-INDA1REG006-48.md",
        "indicator_id": "IND-A1-REG-006"
      },
      {
        "country": "malaysia",
        "evidence_stub_id": "EVSTUB-MALAYSIA-INDA2GEO001-49",
        "evidence_stub_path": "04 - Data & Ontology/Ontology/_machine/evidence_stubs/EVSTUB-MALAYSIA-INDA2GEO001-49.md",
        "indicator_id": "IND-A2-GEO-001"
      },
      {
        "country": "malaysia",
        "evidence_stub_id": "EVSTUB-MALAYSIA-INDA2GEO002-50",
        "evidence_stub_path": "04 - Data & Ontology/Ontology/_machine/evidence_stubs/EVSTUB-MALAYSIA-INDA2GEO002-50.md",
        "indicator_id": "IND-A2-GEO-002"
      },
      {
        "country": "malaysia",
        "evidence_stub_id": "EVSTUB-MALAYSIA-INDA2GEO003-51",
        "evidence_stub_path": "04 - Data & Ontology/Ontology/_machine/evidence_stubs/EVSTUB-MALAYSIA-INDA2GEO003-51.md",
        "indicator_id": "IND-A2-GEO-003"
      },
      {
        "country": "malaysia",
        "evidence_stub_id": "EVSTUB-MALAYSIA-INDA2GEO004-52",
        "evidence_stub_path": "04 - Data & Ontology/Ontology/_machine/evidence_stubs/EVSTUB-MALAYSIA-INDA2GEO004-52.md",
        "indicator_id": "IND-A2-GEO-004"
      },
      {
        "country": "malaysia",
        "evidence_stub_id": "EVSTUB-MALAYSIA-INDA2GEO005-53",
        "evidence_stub_path": "04 - Data & Ontology/Ontology/_machine/evidence_stubs/EVSTUB-MALAYSIA-INDA2GEO005-53.md",
        "indicator_id": "IND-A2-GEO-005"
      },
      {
        "country": "malaysia",
        "evidence_stub_id": "EVSTUB-MALAYSIA-INDA3POL001-54",
        "evidence_stub_path": "04 - Data & Ontology/Ontology/_machine/evidence_stubs/EVSTUB-MALAYSIA-INDA3POL001-54.md",
        "indicator_id": "IND-A3-POL-001"
      },
      {
        "country": "malaysia",
        "evidence_stub_id": "EVSTUB-MALAYSIA-INDA3POL002-55",
        "evidence_stub_path": "04 - Data & Ontology/Ontology/_machine/evidence_stubs/EVSTUB-MALAYSIA-INDA3POL002-55.md",
        "indicator_id": "IND-A3-POL-002"
      },
      {
        "country": "malaysia",
        "evidence_stub_id": "EVSTUB-MALAYSIA-INDA3POL003-56",
        "evidence_stub_path": "04 - Data & Ontology/Ontology/_machine/evidence_stubs/EVSTUB-MALAYSIA-INDA3POL003-56.md",
        "indicator_id": "IND-A3-POL-003"
      },
      {
        "country": "malaysia",
        "evidence_stub_id": "EVSTUB-MALAYSIA-INDA3POL004-57",
        "evidence_stub_path": "04 - Data & Ontology/Ontology/_machine/evidence_stubs/EVSTUB-MALAYSIA-INDA3POL004-57.md",
        "indicator_id": "IND-A3-POL-004"
      },
      {
        "country": "malaysia",
        "evidence_stub_id": "EVSTUB-MALAYSIA-INDA3POL005-58",
        "evidence_stub_path": "04 - Data & Ontology/Ontology/_machine/evidence_stubs/EVSTUB-MALAYSIA-INDA3POL005-58.md",
        "indicator_id": "IND-A3-POL-005"
      },
      {
        "country": "malaysia",
        "evidence_stub_id": "EVSTUB-MALAYSIA-INDA4INF001-59",
        "evidence_stub_path": "04 - Data & Ontology/Ontology/_machine/evidence_stubs/EVSTUB-MALAYSIA-INDA4INF001-59.md",
        "indicator_id": "IND-A4-INF-001"
      },
      {
        "country": "malaysia",
        "evidence_stub_id": "EVSTUB-MALAYSIA-INDA4INF002-60",
        "evidence_stub_path": "04 - Data & Ontology/Ontology/_machine/evidence_stubs/EVSTUB-MALAYSIA-INDA4INF002-60.md",
        "indicator_id": "IND-A4-INF-002"
      },
      {
        "country": "malaysia",
        "evidence_stub_id": "EVSTUB-MALAYSIA-INDA4INF003-61",
        "evidence_stub_path": "04 - Data & Ontology/Ontology/_machine/evidence_stubs/EVSTUB-MALAYSIA-INDA4INF003-61.md",
        "indicator_id": "IND-A4-INF-003"
      },
      {
        "country": "malaysia",
        "evidence_stub_id": "EVSTUB-MALAYSIA-INDA4INF004-62",
        "evidence_stub_path": "04 - Data & Ontology/Ontology/_machine/evidence_stubs/EVSTUB-MALAYSIA-INDA4INF004-62.md",
        "indicator_id": "IND-A4-INF-004"
      },
      {
        "country": "malaysia",
        "evidence_stub_id": "EVSTUB-MALAYSIA-INDA4INF005-63",
        "evidence_stub_path": "04 - Data & Ontology/Ontology/_machine/evidence_stubs/EVSTUB-MALAYSIA-INDA4INF005-63.md",
        "indicator_id": "IND-A4-INF-005"
      },
      {
        "country": "malaysia",
        "evidence_stub_id": "EVSTUB-MALAYSIA-INDA4INF006-64",
        "evidence_stub_path": "04 - Data & Ontology/Ontology/_machine/evidence_stubs/EVSTUB-MALAYSIA-INDA4INF006-64.md",
        "indicator_id": "IND-A4-INF-006"
      },
      {
        "country": "malaysia",
        "evidence_stub_id": "EVSTUB-MALAYSIA-INDA5SUP001-65",
        "evidence_stub_path": "04 - Data & Ontology/Ontology/_machine/evidence_stubs/EVSTUB-MALAYSIA-INDA5SUP001-65.md",
        "indicator_id": "IND-A5-SUP-001"
      },
      {
        "country": "malaysia",
        "evidence_stub_id": "EVSTUB-MALAYSIA-INDA5SUP002-66",
        "evidence_stub_path": "04 - Data & Ontology/Ontology/_machine/evidence_stubs/EVSTUB-MALAYSIA-INDA5SUP002-66.md",
        "indicator_id": "IND-A5-SUP-002"
      },
      {
        "country": "malaysia",
        "evidence_stub_id": "EVSTUB-MALAYSIA-INDA5SUP003-67",
        "evidence_stub_path": "04 - Data & Ontology/Ontology/_machine/evidence_stubs/EVSTUB-MALAYSIA-INDA5SUP003-67.md",
        "indicator_id": "IND-A5-SUP-003"
      },
      {
        "country": "malaysia",
        "evidence_stub_id": "EVSTUB-MALAYSIA-INDA5SUP004-68",
        "evidence_stub_path": "04 - Data & Ontology/Ontology/_machine/evidence_stubs/EVSTUB-MALAYSIA-INDA5SUP004-68.md",
        "indicator_id": "IND-A5-SUP-004"
      },
      {
        "country": "malaysia",
        "evidence_stub_id": "EVSTUB-MALAYSIA-INDA5SUP005-69",
        "evidence_stub_path": "04 - Data & Ontology/Ontology/_machine/evidence_stubs/EVSTUB-MALAYSIA-INDA5SUP005-69.md",
        "indicator_id": "IND-A5-SUP-005"
      },
      {
        "country": "malaysia",
        "evidence_stub_id": "EVSTUB-MALAYSIA-INDA6LAB001-70",
        "evidence_stub_path": "04 - Data & Ontology/Ontology/_machine/evidence_stubs/EVSTUB-MALAYSIA-INDA6LAB001-70.md",
        "indicator_id": "IND-A6-LAB-001"
      },
      {
        "country": "malaysia",
        "evidence_stub_id": "EVSTUB-MALAYSIA-INDA6LAB002-71",
        "evidence_stub_path": "04 - Data & Ontology/Ontology/_machine/evidence_stubs/EVSTUB-MALAYSIA-INDA6LAB002-71.md",
        "indicator_id": "IND-A6-LAB-002"
      },
      {
        "country": "malaysia",
        "evidence_stub_id": "EVSTUB-MALAYSIA-INDA6LAB003-72",
        "evidence_stub_path": "04 - Data & Ontology/Ontology/_machine/evidence_stubs/EVSTUB-MALAYSIA-INDA6LAB003-72.md",
        "indicator_id": "IND-A6-LAB-003"
      },
      {
        "country": "malaysia",
        "evidence_stub_id": "EVSTUB-MALAYSIA-INDA6LAB004-73",
        "evidence_stub_path": "04 - Data & Ontology/Ontology/_machine/evidence_stubs/EVSTUB-MALAYSIA-INDA6LAB004-73.md",
        "indicator_id": "IND-A6-LAB-004"
      },
      {
        "country": "malaysia",
        "evidence_stub_id": "EVSTUB-MALAYSIA-INDA6LAB005-74",
        "evidence_stub_path": "04 - Data & Ontology/Ontology/_machine/evidence_stubs/EVSTUB-MALAYSIA-INDA6LAB005-74.md",
        "indicator_id": "IND-A6-LAB-005"
      },
      {
        "country": "malaysia",
        "evidence_stub_id": "EVSTUB-MALAYSIA-INDA7CAP001-75",
        "evidence_stub_path": "04 - Data & Ontology/Ontology/_machine/evidence_stubs/EVSTUB-MALAYSIA-INDA7CAP001-75.md",
        "indicator_id": "IND-A7-CAP-001"
      },
      {
        "country": "malaysia",
        "evidence_stub_id": "EVSTUB-MALAYSIA-INDA7CAP002-76",
        "evidence_stub_path": "04 - Data & Ontology/Ontology/_machine/evidence_stubs/EVSTUB-MALAYSIA-INDA7CAP002-76.md",
        "indicator_id": "IND-A7-CAP-002"
      },
      {
        "country": "malaysia",
        "evidence_stub_id": "EVSTUB-MALAYSIA-INDA7CAP003-77",
        "evidence_stub_path": "04 - Data & Ontology/Ontology/_machine/evidence_stubs/EVSTUB-MALAYSIA-INDA7CAP003-77.md",
        "indicator_id": "IND-A7-CAP-003"
      },
      {
        "country": "malaysia",
        "evidence_stub_id": "EVSTUB-MALAYSIA-INDA7CAP004-78",
        "evidence_stub_path": "04 - Data & Ontology/Ontology/_machine/evidence_stubs/EVSTUB-MALAYSIA-INDA7CAP004-78.md",
        "indicator_id": "IND-A7-CAP-004"
      },
      {
        "country": "malaysia",
        "evidence_stub_id": "EVSTUB-MALAYSIA-INDA7CAP005-79",
        "evidence_stub_path": "04 - Data & Ontology/Ontology/_machine/evidence_stubs/EVSTUB-MALAYSIA-INDA7CAP005-79.md",
        "indicator_id": "IND-A7-CAP-005"
      },
      {
        "country": "malaysia",
        "evidence_stub_id": "EVSTUB-MALAYSIA-INDA8ESG001-80",
        "evidence_stub_path": "04 - Data & Ontology/Ontology/_machine/evidence_stubs/EVSTUB-MALAYSIA-INDA8ESG001-80.md",
        "indicator_id": "IND-A8-ESG-001"
      }
    ]
  },
  "plan_version": "plan.v1",
  "run": {
    "dry_run": false,
    "generate_memos": true,
    "rebuild_site_export": true,
    "reports": "all_six",
    "strict": true
  },
  "scope": {
    "indicators": [
      "IND-A1-REG-001",
      "IND-A1-REG-002",
      "IND-A1-REG-003",
      "IND-A1-REG-004",
      "IND-A1-REG-005",
      "IND-A1-REG-006",
      "IND-A2-GEO-001",
      "IND-A2-GEO-002",
      "IND-A2-GEO-003",
      "IND-A2-GEO-004",
      "IND-A2-GEO-005",
      "IND-A3-POL-001",
      "IND-A3-POL-002",
      "IND-A3-POL-003",
      "IND-A3-POL-004",
      "IND-A3-POL-005",
      "IND-A4-INF-001",
      "IND-A4-INF-002",
      "IND-A4-INF-003",
      "IND-A4-INF-004",
      "IND-A4-INF-005",
      "IND-A4-INF-006",
      "IND-A5-SUP-001",
      "IND-A5-SUP-002",
      "IND-A5-SUP-003",
      "IND-A5-SUP-004",
      "IND-A5-SUP-005",
      "IND-A6-LAB-001",
      "IND-A6-LAB-002",
      "IND-A6-LAB-003",
      "IND-A6-LAB-004",
      "IND-A6-LAB-005",
      "IND-A7-CAP-001",
      "IND-A7-CAP-002",
      "IND-A7-CAP-003",
      "IND-A7-CAP-004",
      "IND-A7-CAP-005",
      "IND-A8-ESG-001",
      "IND-A8-ESG-002",
      "IND-A8-ESG-003",
      "IND-A8-ESG-004",
      "IND-A8-ESG-005"
    ]
  },
  "target_pack_path": "04 - Data & Ontology/Ontology/_machine/country_packs/hungary.v1.yaml",
  "updates": []
}
