{
  "country_iso3": "MYS",
  "created_at": "2026-02-12T21:05:59+00:00",
  "metadata": {
    "checklist": [
      "Confirm target country pack path and ISO3.",
      "Review scope.indicators before enabling edits.",
      "Run validate-plan and strict healthcheck before apply.",
      "Keep edits disabled unless explicitly scoped with --allow-edits."
    ],
    "country": "malaysia",
    "generator": "generate_onboarding.py",
    "intended_country_iso3": "MYS",
    "mode": "seed",
    "profile": "wp-ev-oem-export-1.1.balanced",
    "report_only_safe": true,
    "suggested_todo_indicator_ids": [],
    "target_pack_exists": true,
    "track": "ev_oem_export"
  },
  "plan_version": "plan.v1",
  "run": {
    "dry_run": false,
    "generate_memos": true,
    "rebuild_site_export": true,
    "reports": [
      "hun_ev_oem_export"
    ],
    "strict": true
  },
  "scope": {
    "indicators": "ALL"
  },
  "target_pack_path": "04 - Data & Ontology/Ontology/_machine/country_packs/malaysia.v1.yaml",
  "updates": []
}
