{
  "$schema": "https://json-schema.org/draft/2020-12/schema",
  "title": "Clarum AI Fill Runner Plan Schema v1",
  "type": "object",
  "additionalProperties": false,
  "required": [
    "plan_version",
    "created_at",
    "country_iso3",
    "target_pack_path",
    "scope",
    "updates",
    "run"
  ],
  "properties": {
    "plan_version": {
      "type": "string",
      "const": "plan.v1"
    },
    "created_at": {
      "type": "string",
      "minLength": 10
    },
    "country_iso3": {
      "type": "string",
      "minLength": 3,
      "maxLength": 3
    },
    "target_pack_path": {
      "type": "string",
      "minLength": 1
    },
    "scope": {
      "type": "object",
      "additionalProperties": false,
      "properties": {
        "indicators": {
          "oneOf": [
            {
              "type": "array",
              "items": {
                "type": "string"
              }
            },
            {
              "type": "string",
              "const": "ALL"
            }
          ]
        },
        "domains": {
          "type": "array",
          "items": {
            "type": "string"
          }
        }
      }
    },
    "updates": {
      "type": "array",
      "items": {
        "type": "object",
        "additionalProperties": false,
        "required": [
          "indicator_id",
          "set"
        ],
        "properties": {
          "indicator_id": {
            "type": "string"
          },
          "set": {
            "type": "object",
            "additionalProperties": false,
            "required": [
              "value",
              "retrieved_date",
              "url",
              "source_institution"
            ],
            "properties": {
              "value": {
                "type": ["number", "string", "null"]
              },
              "year": {
                "type": ["number", "null"]
              },
              "retrieved_date": {
                "type": "string",
                "pattern": "^\\d{4}-\\d{2}-\\d{2}$"
              },
              "url": {
                "type": "string"
              },
              "source_institution": {
                "type": "string"
              },
              "notes": {
                "type": "string"
              },
              "evidence_tier": {
                "type": "string",
                "enum": ["A", "B"]
              }
            }
          },
          "transform": {
            "type": "object",
            "additionalProperties": false,
            "properties": {
              "formula": {"type": "string"},
              "raw_value": {"type": ["number", "string"]},
              "raw_unit": {"type": "string"},
              "method": {"type": "string"}
            }
          },
          "provenance": {
            "type": "object",
            "additionalProperties": false,
            "properties": {
              "adapter": {"type": "string"},
              "query": {"type": "string"}
            }
          }
        }
      }
    },
    "fills": {
      "type": "object",
      "additionalProperties": false,
      "properties": {
        "adapters": {
          "type": "array",
          "items": {
            "type": "object",
            "additionalProperties": false,
            "required": [
              "country_pack",
              "country_iso3",
              "indicator_id",
              "mode"
            ],
            "properties": {
              "country_pack": {"type": "string"},
              "country_iso3": {"type": "string"},
              "indicator_id": {"type": "string"},
              "mode": {"type": "string", "enum": ["latest"]},
              "allow_overwrite": {"type": "boolean"},
              "expected_evidence_tier": {"type": "string", "enum": ["A", "B"]},
              "note": {"type": "string"},
              "preferred_year": {"type": "integer"},
              "fallback_year": {"type": "integer"},
              "snapshot_path": {"type": "string"},
              "on_http_403": {"type": "string", "enum": ["skip", "use_snapshot", "fail"]},
              "options": {
                "type": "object",
                "additionalProperties": {"type": ["string", "number", "boolean"]}
              }
            }
          }
        }
      }
    },
    "run": {
      "type": "object",
      "additionalProperties": false,
      "required": ["strict", "reports", "rebuild_site_export", "dry_run"],
      "properties": {
        "strict": {"type": "boolean"},
        "reports": {
          "type": ["string", "array"],
          "items": {"type": "string"}
        },
        "rebuild_site_export": {"type": "boolean"},
        "dry_run": {"type": "boolean"},
        "generate_memos": {"type": "boolean"}
      }
    }
  }
}
