{
  "plan_version": "plan.v1",
  "created_at": "2026-02-12T00:00:00",
  "country_iso3": "HUN",
  "target_pack_path": "04 - Data & Ontology/Ontology/_machine/country_packs/hungary.v1.yaml",
  "scope": {"indicators": ["IND-A1-REG-001"]},
  "updates": [
    {
      "indicator_id": "IND-A1-REG-001",
      "set": {
        "value": 1,
        "retrieved_date": "2026-02-12",
        "url": "https://example.com",
        "source_institution": "Fixture",
        "notes": "editing fixture",
        "evidence_tier": "A"
      }
    }
  ],
  "run": {
    "strict": true,
    "reports": "all_six",
    "rebuild_site_export": true,
    "generate_memos": true,
    "dry_run": false
  }
}
