{
  "timestamp_utc": "2026-02-12T16:00:00+00:00",
  "plans": [
    {
      "plan_path": "08 - Operations/fill_runner/examples/plan.report_only.verify.v1.json",
      "status": "UNKNOWN",
      "reason_codes": "not-an-array",
      "report_only": true,
      "edits_allowed": false
    }
  ],
  "prechecks": {
    "validate_plan": {
      "status": "PASS",
      "pass_count": 1,
      "fail_count": 0
    },
    "strict_healthcheck": {
      "status": "PASS"
    }
  },
  "execution": {
    "ran_pipeline": true,
    "site_export_valid": true
  },
  "regression": {
    "ran": true,
    "status": "PASS",
    "reason_codes": []
  },
  "artifacts": {
    "runlog_path": "x",
    "json_summary_path": "y"
  }
}
