{
  "args": {
    "allow_edits": false,
    "bun_bin": "bun",
    "json_out": null,
    "no_vault": false,
    "no_website": true,
    "plans": [
      "08 - Operations/fill_runner/examples/plan.report_only.verify.v1.json"
    ],
    "proof_bundle": false,
    "strict": true,
    "vault_python": "python.exe",
    "website_root": null
  },
  "artifacts": {
    "proof_bundle_path": null,
    "runlog_path": "04 - Data & Ontology/Ontology/_machine/runlogs/e2e_gate_2026-02-12_1607.txt",
    "summary_json_path": "04 - Data & Ontology/Ontology/_machine/runlogs/e2e_gate_summary_2026-02-12_1607.json"
  },
  "final_status": "PASS",
  "timestamp_utc": "2026-02-12T21:07:17+00:00",
  "vault": {
    "ran": true,
    "reason_codes": [],
    "release_gate": {
      "artifacts": {
        "json_summary_path": "04 - Data & Ontology/Ontology/_machine/runlogs/release_gate_summary_2026-02-12_1607.json",
        "runlog_path": "04 - Data & Ontology/Ontology/_machine/runlogs/release_gate_2026-02-12_1607.txt"
      },
      "execution": {
        "ran_pipeline": true,
        "site_export_valid": true
      },
      "final_status": "PASS",
      "plans": [
        {
          "edits_allowed": false,
          "plan_path": "08 - Operations/fill_runner/examples/plan.report_only.verify.v1.json",
          "reason_codes": [],
          "report_only": true,
          "status": "PASS"
        }
      ],
      "prechecks": {
        "strict_healthcheck": {
          "runlog_path": "08 - Operations/fill_runner/runlogs/fill_runner_healthcheck_2026-02-12_1607.txt",
          "status": "PASS"
        },
        "validate_plan": {
          "fail_count": 0,
          "pass_count": 1,
          "status": "PASS"
        }
      },
      "regression": {
        "ran": true,
        "reason_codes": [],
        "status": "PASS"
      },
      "timestamp_utc": "2026-02-12T21:07:20+00:00",
      "vault_identifiers": {
        "08 - Operations\\Clarum — NEW CHAT HANDOFF (Start Here).md": {
          "bytes": 61969,
          "modified_utc": "2026-02-12T20:43:34.261898+00:00",
          "sha256": "65b915d8009cfeb7968c4d60372d7b2cafe897a23c4a9ecdc73cddb0b690727e"
        },
        "08 - Operations\\fill_runner\\plan_schema.v1.json": {
          "bytes": 6843,
          "modified_utc": "2026-02-12T20:30:00.252659+00:00",
          "sha256": "816ff449d344e3ef458112fefa0a5844fcac3b0d440438d57d68b91e695cce98"
        }
      }
    },
    "status": "PASS"
  },
  "website": {
    "commands": [],
    "ran": false,
    "reason_codes": [],
    "status": "SKIPPED"
  }
}
