{
  "timestamp_utc": "2026-02-12T00:00:00+00:00",
  "plans": [
    {
      "plan_path": "08 - Operations/fill_runner/examples/plan.report_only.verify.v1.json",
      "status": "PASS",
      "reason_codes": [],
      "report_only": true,
      "edits_allowed": false
    }
  ],
  "prechecks": {
    "validate_plan": {
      "status": "PASS",
      "pass_count": 1,
      "fail_count": 0
    },
    "strict_healthcheck": {
      "status": "PASS",
      "runlog_path": "08 - Operations/fill_runner/runlogs/fill_runner_healthcheck_fixture.txt"
    }
  },
  "execution": {
    "ran_pipeline": true,
    "site_export_valid": true
  },
  "regression": {
    "ran": true,
    "status": "PASS",
    "reason_codes": []
  },
  "artifacts": {
    "runlog_path": "04 - Data & Ontology/Ontology/_machine/runlogs/release_gate_fixture.txt",
    "json_summary_path": "04 - Data & Ontology/Ontology/_machine/runlogs/release_gate_summary_fixture.json"
  },
  "final_status": "PASS"
}
