{
  "e2e_gates": [
    {
      "counts": {},
      "final_status": "PASS",
      "hashes": {
        "embedded_regression_status": "PASS"
      },
      "reason_codes": [],
      "runlog_path": "04 - Data & Ontology/Ontology/_machine/runlogs/e2e_gate_2026-02-12_1604.txt",
      "summary_json_path": "04 - Data & Ontology/Ontology/_machine/runlogs/e2e_gate_summary_2026-02-12_1604.json",
      "timestamp_utc": "2026-02-12T21:04:02+00:00"
    },
    {
      "counts": {},
      "final_status": "PASS",
      "hashes": {
        "embedded_regression_status": "PASS"
      },
      "reason_codes": [],
      "runlog_path": "04 - Data & Ontology/Ontology/_machine/runlogs/e2e_gate_2026-02-12_1541.txt",
      "summary_json_path": "04 - Data & Ontology/Ontology/_machine/runlogs/e2e_gate_summary_2026-02-12_1541.json",
      "timestamp_utc": "2026-02-12T20:41:55+00:00"
    },
    {
      "counts": {},
      "final_status": "PASS",
      "hashes": {
        "embedded_regression_status": "PASS"
      },
      "reason_codes": [],
      "runlog_path": "04 - Data & Ontology/Ontology/_machine/runlogs/e2e_gate_2026-02-12_1500.txt",
      "summary_json_path": "04 - Data & Ontology/Ontology/_machine/runlogs/e2e_gate_summary_2026-02-12_1500.json",
      "timestamp_utc": "2026-02-12T20:00:57+00:00"
    },
    {
      "counts": {},
      "final_status": "PASS",
      "hashes": {
        "embedded_regression_status": "PASS"
      },
      "reason_codes": [],
      "runlog_path": "04 - Data & Ontology/Ontology/_machine/runlogs/e2e_gate_2026-02-12_1138_01.txt",
      "summary_json_path": "04 - Data & Ontology/Ontology/_machine/runlogs/e2e_gate_summary_2026-02-12_1138_01.json",
      "timestamp_utc": "2026-02-12T16:38:56+00:00"
    },
    {
      "counts": {},
      "final_status": "PASS",
      "hashes": {
        "embedded_regression_status": "PASS"
      },
      "reason_codes": [],
      "runlog_path": "04 - Data & Ontology/Ontology/_machine/runlogs/e2e_gate_2026-02-12_1138.txt",
      "summary_json_path": "04 - Data & Ontology/Ontology/_machine/runlogs/e2e_gate_summary_2026-02-12_1138.json",
      "timestamp_utc": "2026-02-12T16:38:11+00:00"
    },
    {
      "counts": {},
      "final_status": "PASS",
      "hashes": {
        "embedded_regression_status": "PASS"
      },
      "reason_codes": [],
      "runlog_path": "04 - Data & Ontology/Ontology/_machine/runlogs/e2e_gate_2026-02-12_1135.txt",
      "summary_json_path": "04 - Data & Ontology/Ontology/_machine/runlogs/e2e_gate_summary_2026-02-12_1135.json",
      "timestamp_utc": "2026-02-12T16:35:44+00:00"
    },
    {
      "counts": {},
      "final_status": "PASS",
      "hashes": {
        "embedded_regression_status": "PASS"
      },
      "reason_codes": [],
      "runlog_path": "04 - Data & Ontology/Ontology/_machine/runlogs/e2e_gate_2026-02-12_1106.txt",
      "summary_json_path": "04 - Data & Ontology/Ontology/_machine/runlogs/e2e_gate_summary_2026-02-12_1106.json",
      "timestamp_utc": "2026-02-12T16:06:39+00:00"
    },
    {
      "counts": {},
      "final_status": "PASS",
      "hashes": {
        "embedded_regression_status": "PASS"
      },
      "reason_codes": [],
      "runlog_path": "04 - Data & Ontology/Ontology/_machine/runlogs/e2e_gate_2026-02-12_1104.txt",
      "summary_json_path": "04 - Data & Ontology/Ontology/_machine/runlogs/e2e_gate_summary_2026-02-12_1104.json",
      "timestamp_utc": "2026-02-12T16:04:57+00:00"
    }
  ],
  "generated_at_utc": "2026-02-12T21:04:06+00:00",
  "pipelines": [
    {
      "counts": {
        "evidence_files": 24,
        "memo_json_files": 6,
        "memo_md_files": 6,
        "payloads": 6,
        "reports": 6
      },
      "final_status": "PASS",
      "hashes": {
        "export_structure_hash": "ba9357efc79adc927f4cf913ac966b94f8014b5f3c03b9436e2976c63a7d2cb9"
      },
      "reason_codes": [],
      "runlog_path": "04 - Data & Ontology/Ontology/_machine/runlogs/pipeline_2026-02-12_1541.txt",
      "summary_json_path": "04 - Data & Ontology/Ontology/_machine/runlogs/pipeline_summary_2026-02-12_1541.json",
      "timestamp_utc": "2026-02-12T20:41:51+00:00"
    }
  ],
  "regressions": [
    {
      "counts": {
        "evidence_files": 24,
        "memo_json_files": 6,
        "memo_md_files": 6,
        "payloads": 6,
        "reports": 6
      },
      "final_status": "PASS",
      "hashes": {
        "export_structure_hash": "2f63c89fe5d47944fbf6c950b648747b9378bf333d1607e5f81c8bc616fb4cd3",
        "golden_structure_hash": "2f63c89fe5d47944fbf6c950b648747b9378bf333d1607e5f81c8bc616fb4cd3"
      },
      "reason_codes": [],
      "runlog_path": "04 - Data & Ontology/Ontology/_machine/runlogs/regression_2026-02-12_1604.txt",
      "summary_json_path": "04 - Data & Ontology/Ontology/_machine/runlogs/regression_summary_2026-02-12_1604.json",
      "timestamp_utc": "2026-02-12T21:04:03+00:00"
    },
    {
      "counts": {
        "evidence_files": 24,
        "memo_json_files": 6,
        "memo_md_files": 6,
        "payloads": 6,
        "reports": 6
      },
      "final_status": "PASS",
      "hashes": {
        "export_structure_hash": "2f63c89fe5d47944fbf6c950b648747b9378bf333d1607e5f81c8bc616fb4cd3",
        "golden_structure_hash": "2f63c89fe5d47944fbf6c950b648747b9378bf333d1607e5f81c8bc616fb4cd3"
      },
      "reason_codes": [],
      "runlog_path": "04 - Data & Ontology/Ontology/_machine/runlogs/regression_2026-02-12_1541.txt",
      "summary_json_path": "04 - Data & Ontology/Ontology/_machine/runlogs/regression_summary_2026-02-12_1541.json",
      "timestamp_utc": "2026-02-12T20:41:56+00:00"
    },
    {
      "counts": {
        "evidence_files": 24,
        "memo_json_files": 6,
        "memo_md_files": 6,
        "payloads": 6,
        "reports": 6
      },
      "final_status": "PASS",
      "hashes": {
        "export_structure_hash": "2f63c89fe5d47944fbf6c950b648747b9378bf333d1607e5f81c8bc616fb4cd3",
        "golden_structure_hash": "2f63c89fe5d47944fbf6c950b648747b9378bf333d1607e5f81c8bc616fb4cd3"
      },
      "reason_codes": [],
      "runlog_path": "04 - Data & Ontology/Ontology/_machine/runlogs/regression_2026-02-12_1500.txt",
      "summary_json_path": "04 - Data & Ontology/Ontology/_machine/runlogs/regression_summary_2026-02-12_1500.json",
      "timestamp_utc": "2026-02-12T20:00:58+00:00"
    },
    {
      "counts": {
        "evidence_files": 24,
        "memo_json_files": 6,
        "memo_md_files": 6,
        "payloads": 6,
        "reports": 6
      },
      "final_status": "PASS",
      "hashes": {
        "export_structure_hash": "2f63c89fe5d47944fbf6c950b648747b9378bf333d1607e5f81c8bc616fb4cd3",
        "golden_structure_hash": "2f63c89fe5d47944fbf6c950b648747b9378bf333d1607e5f81c8bc616fb4cd3"
      },
      "reason_codes": [],
      "runlog_path": "04 - Data & Ontology/Ontology/_machine/runlogs/regression_2026-02-12_1138_03.txt",
      "summary_json_path": "04 - Data & Ontology/Ontology/_machine/runlogs/regression_summary_2026-02-12_1138_03.json",
      "timestamp_utc": "2026-02-12T16:38:56+00:00"
    },
    {
      "counts": {
        "evidence_files": 24,
        "memo_json_files": 6,
        "memo_md_files": 6,
        "payloads": 6,
        "reports": 6
      },
      "final_status": "PASS",
      "hashes": {
        "export_structure_hash": "2f63c89fe5d47944fbf6c950b648747b9378bf333d1607e5f81c8bc616fb4cd3",
        "golden_structure_hash": "2f63c89fe5d47944fbf6c950b648747b9378bf333d1607e5f81c8bc616fb4cd3"
      },
      "reason_codes": [],
      "runlog_path": "04 - Data & Ontology/Ontology/_machine/runlogs/regression_2026-02-12_1138_02.txt",
      "summary_json_path": "04 - Data & Ontology/Ontology/_machine/runlogs/regression_summary_2026-02-12_1138_02.json",
      "timestamp_utc": "2026-02-12T16:38:49+00:00"
    },
    {
      "counts": {
        "evidence_files": 24,
        "memo_json_files": 6,
        "memo_md_files": 6,
        "payloads": 6,
        "reports": 6
      },
      "final_status": "PASS",
      "hashes": {
        "export_structure_hash": "2f63c89fe5d47944fbf6c950b648747b9378bf333d1607e5f81c8bc616fb4cd3",
        "golden_structure_hash": "2f63c89fe5d47944fbf6c950b648747b9378bf333d1607e5f81c8bc616fb4cd3"
      },
      "reason_codes": [],
      "runlog_path": "04 - Data & Ontology/Ontology/_machine/runlogs/regression_2026-02-12_1138_01.txt",
      "summary_json_path": "04 - Data & Ontology/Ontology/_machine/runlogs/regression_summary_2026-02-12_1138_01.json",
      "timestamp_utc": "2026-02-12T16:38:42+00:00"
    },
    {
      "counts": {
        "evidence_files": 24,
        "memo_json_files": 6,
        "memo_md_files": 6,
        "payloads": 6,
        "reports": 6
      },
      "final_status": "PASS",
      "hashes": {
        "export_structure_hash": "2f63c89fe5d47944fbf6c950b648747b9378bf333d1607e5f81c8bc616fb4cd3",
        "golden_structure_hash": "2f63c89fe5d47944fbf6c950b648747b9378bf333d1607e5f81c8bc616fb4cd3"
      },
      "reason_codes": [],
      "runlog_path": "04 - Data & Ontology/Ontology/_machine/runlogs/regression_2026-02-12_1138.txt",
      "summary_json_path": "04 - Data & Ontology/Ontology/_machine/runlogs/regression_summary_2026-02-12_1138.json",
      "timestamp_utc": "2026-02-12T16:38:12+00:00"
    },
    {
      "counts": {
        "evidence_files": 24,
        "memo_json_files": 6,
        "memo_md_files": 6,
        "payloads": 6,
        "reports": 6
      },
      "final_status": "PASS",
      "hashes": {
        "export_structure_hash": "2f63c89fe5d47944fbf6c950b648747b9378bf333d1607e5f81c8bc616fb4cd3",
        "golden_structure_hash": "2f63c89fe5d47944fbf6c950b648747b9378bf333d1607e5f81c8bc616fb4cd3"
      },
      "reason_codes": [],
      "runlog_path": "04 - Data & Ontology/Ontology/_machine/runlogs/regression_2026-02-12_1135_02.txt",
      "summary_json_path": "04 - Data & Ontology/Ontology/_machine/runlogs/regression_summary_2026-02-12_1135_02.json",
      "timestamp_utc": "2026-02-12T16:35:45+00:00"
    },
    {
      "counts": {
        "evidence_files": 24,
        "memo_json_files": 6,
        "memo_md_files": 6,
        "payloads": 6,
        "reports": 6
      },
      "final_status": "PASS",
      "hashes": {
        "export_structure_hash": "2f63c89fe5d47944fbf6c950b648747b9378bf333d1607e5f81c8bc616fb4cd3",
        "golden_structure_hash": "2f63c89fe5d47944fbf6c950b648747b9378bf333d1607e5f81c8bc616fb4cd3"
      },
      "reason_codes": [],
      "runlog_path": "04 - Data & Ontology/Ontology/_machine/runlogs/regression_2026-02-12_1135_01.txt",
      "summary_json_path": "04 - Data & Ontology/Ontology/_machine/runlogs/regression_summary_2026-02-12_1135_01.json",
      "timestamp_utc": "2026-02-12T16:35:34+00:00"
    },
    {
      "counts": {
        "evidence_files": 24,
        "memo_json_files": 6,
        "memo_md_files": 6,
        "payloads": 6,
        "reports": 6
      },
      "final_status": "PASS",
      "hashes": {
        "export_structure_hash": "2f63c89fe5d47944fbf6c950b648747b9378bf333d1607e5f81c8bc616fb4cd3",
        "golden_structure_hash": "2f63c89fe5d47944fbf6c950b648747b9378bf333d1607e5f81c8bc616fb4cd3"
      },
      "reason_codes": [],
      "runlog_path": "04 - Data & Ontology/Ontology/_machine/runlogs/regression_2026-02-12_1135.txt",
      "summary_json_path": "04 - Data & Ontology/Ontology/_machine/runlogs/regression_summary_2026-02-12_1135.json",
      "timestamp_utc": "2026-02-12T16:35:27+00:00"
    },
    {
      "counts": {
        "evidence_files": 24,
        "memo_json_files": 6,
        "memo_md_files": 6,
        "payloads": 6,
        "reports": 6
      },
      "final_status": "FAIL",
      "hashes": {
        "export_structure_hash": "f0c7198287c568f0754696bb8911200c7faffae0fc63d5c3f846f0fa76177d89",
        "golden_structure_hash": "bc0fec0ff6efe7cd71f3cfd427dfbc6ebdc530e00aa14aa57d31216e10f7da46"
      },
      "reason_codes": [
        "golden_mismatch_contract_hash"
      ],
      "runlog_path": "04 - Data & Ontology/Ontology/_machine/runlogs/regression_2026-02-12_1134.txt",
      "summary_json_path": "04 - Data & Ontology/Ontology/_machine/runlogs/regression_summary_2026-02-12_1134.json",
      "timestamp_utc": "2026-02-12T16:34:45+00:00"
    },
    {
      "counts": {
        "evidence_files": 24,
        "memo_json_files": 6,
        "memo_md_files": 6,
        "payloads": 6,
        "reports": 6
      },
      "final_status": "FAIL",
      "hashes": {
        "export_structure_hash": "f0c7198287c568f0754696bb8911200c7faffae0fc63d5c3f846f0fa76177d89",
        "golden_structure_hash": "bc0fec0ff6efe7cd71f3cfd427dfbc6ebdc530e00aa14aa57d31216e10f7da46"
      },
      "reason_codes": [
        "golden_mismatch_contract_hash"
      ],
      "runlog_path": "04 - Data & Ontology/Ontology/_machine/runlogs/regression_2026-02-12_1132.txt",
      "summary_json_path": "04 - Data & Ontology/Ontology/_machine/runlogs/regression_summary_2026-02-12_1132.json",
      "timestamp_utc": "2026-02-12T16:32:52+00:00"
    },
    {
      "counts": {
        "evidence_files": 24,
        "memo_json_files": 6,
        "memo_md_files": 6,
        "payloads": 6,
        "reports": 6
      },
      "final_status": "PASS",
      "hashes": {
        "export_structure_hash": "2f63c89fe5d47944fbf6c950b648747b9378bf333d1607e5f81c8bc616fb4cd3",
        "golden_structure_hash": "2f63c89fe5d47944fbf6c950b648747b9378bf333d1607e5f81c8bc616fb4cd3"
      },
      "reason_codes": [],
      "runlog_path": "04 - Data & Ontology/Ontology/_machine/runlogs/regression_2026-02-12_1106.txt",
      "summary_json_path": "04 - Data & Ontology/Ontology/_machine/runlogs/regression_summary_2026-02-12_1106.json",
      "timestamp_utc": "2026-02-12T16:06:40+00:00"
    },
    {
      "counts": {
        "evidence_files": 24,
        "memo_json_files": 6,
        "memo_md_files": 6,
        "payloads": 6,
        "reports": 6
      },
      "final_status": "PASS",
      "hashes": {
        "export_structure_hash": "2f63c89fe5d47944fbf6c950b648747b9378bf333d1607e5f81c8bc616fb4cd3",
        "golden_structure_hash": "2f63c89fe5d47944fbf6c950b648747b9378bf333d1607e5f81c8bc616fb4cd3"
      },
      "reason_codes": [],
      "runlog_path": "04 - Data & Ontology/Ontology/_machine/runlogs/regression_2026-02-12_1104.txt",
      "summary_json_path": "04 - Data & Ontology/Ontology/_machine/runlogs/regression_summary_2026-02-12_1104.json",
      "timestamp_utc": "2026-02-12T16:04:58+00:00"
    },
    {
      "counts": {
        "evidence_files": 24,
        "memo_json_files": 6,
        "memo_md_files": 6,
        "payloads": 6,
        "reports": 6
      },
      "final_status": "PASS",
      "hashes": {
        "export_structure_hash": "2f63c89fe5d47944fbf6c950b648747b9378bf333d1607e5f81c8bc616fb4cd3",
        "golden_structure_hash": "2f63c89fe5d47944fbf6c950b648747b9378bf333d1607e5f81c8bc616fb4cd3"
      },
      "reason_codes": [],
      "runlog_path": "04 - Data & Ontology/Ontology/_machine/runlogs/regression_2026-02-12_1044.txt",
      "summary_json_path": "04 - Data & Ontology/Ontology/_machine/runlogs/regression_summary_2026-02-12_1044.json",
      "timestamp_utc": "2026-02-12T15:44:35+00:00"
    },
    {
      "counts": {
        "evidence_files": 24,
        "memo_json_files": 6,
        "memo_md_files": 6,
        "payloads": 3,
        "reports": 6
      },
      "final_status": "PASS",
      "hashes": {
        "export_structure_hash": "805e7f879a2d6195a317df940480b996a7a4515e22815b6eae970308cf32a754",
        "golden_structure_hash": "805e7f879a2d6195a317df940480b996a7a4515e22815b6eae970308cf32a754"
      },
      "reason_codes": [],
      "runlog_path": "04 - Data & Ontology/Ontology/_machine/runlogs/regression_2026-02-12_0153.txt",
      "summary_json_path": "04 - Data & Ontology/Ontology/_machine/runlogs/regression_summary_2026-02-12_0153.json",
      "timestamp_utc": "2026-02-12T06:53:17+00:00"
    },
    {
      "counts": {
        "evidence_files": 24,
        "memo_json_files": 6,
        "memo_md_files": 6,
        "payloads": 3,
        "reports": 6
      },
      "final_status": "PASS",
      "hashes": {
        "export_structure_hash": "805e7f879a2d6195a317df940480b996a7a4515e22815b6eae970308cf32a754",
        "golden_structure_hash": "805e7f879a2d6195a317df940480b996a7a4515e22815b6eae970308cf32a754"
      },
      "reason_codes": [],
      "runlog_path": "04 - Data & Ontology/Ontology/_machine/runlogs/regression_2026-02-12_0152.txt",
      "summary_json_path": "04 - Data & Ontology/Ontology/_machine/runlogs/regression_summary_2026-02-12_0152.json",
      "timestamp_utc": "2026-02-12T06:52:45+00:00"
    },
    {
      "counts": {
        "evidence_files": 24,
        "memo_json_files": 6,
        "memo_md_files": 6,
        "payloads": 3,
        "reports": 6
      },
      "final_status": "PASS",
      "hashes": {
        "export_structure_hash": "805e7f879a2d6195a317df940480b996a7a4515e22815b6eae970308cf32a754",
        "golden_structure_hash": "805e7f879a2d6195a317df940480b996a7a4515e22815b6eae970308cf32a754"
      },
      "reason_codes": [],
      "runlog_path": "04 - Data & Ontology/Ontology/_machine/runlogs/regression_2026-02-12_0151.txt",
      "summary_json_path": "04 - Data & Ontology/Ontology/_machine/runlogs/regression_summary_2026-02-12_0151.json",
      "timestamp_utc": "2026-02-12T06:51:47+00:00"
    },
    {
      "counts": {
        "evidence_files": 24,
        "memo_json_files": 6,
        "memo_md_files": 6,
        "payloads": 3,
        "reports": 6
      },
      "final_status": "FAIL",
      "hashes": {},
      "reason_codes": [
        "edits_refused",
        "site_export_validation_not_pass"
      ],
      "runlog_path": "04 - Data & Ontology/Ontology/_machine/runlogs/regression_2026-02-12_0134_02.txt",
      "summary_json_path": "04 - Data & Ontology/Ontology/_machine/runlogs/regression_summary_2026-02-12_0134_02.json",
      "timestamp_utc": "2026-02-12T06:34:53+00:00"
    },
    {
      "counts": {
        "evidence_files": 24,
        "memo_json_files": 6,
        "memo_md_files": 6,
        "payloads": 3,
        "reports": 6
      },
      "final_status": "FAIL",
      "hashes": {
        "export_structure_hash": "805e7f879a2d6195a317df940480b996a7a4515e22815b6eae970308cf32a754",
        "golden_structure_hash": "a6acc9eb6f666a09e04c198394ee46d9a68bbcf711485a203b99edf3b27567e9"
      },
      "reason_codes": [
        "golden_mismatch_contract_hash",
        "golden_mismatch_paths"
      ],
      "runlog_path": "04 - Data & Ontology/Ontology/_machine/runlogs/regression_2026-02-12_0134_01.txt",
      "summary_json_path": "04 - Data & Ontology/Ontology/_machine/runlogs/regression_summary_2026-02-12_0134_01.json",
      "timestamp_utc": "2026-02-12T06:34:16+00:00"
    },
    {
      "counts": {
        "evidence_files": 24,
        "memo_json_files": 6,
        "memo_md_files": 6,
        "payloads": 3,
        "reports": 6
      },
      "final_status": "PASS",
      "hashes": {
        "export_structure_hash": "805e7f879a2d6195a317df940480b996a7a4515e22815b6eae970308cf32a754",
        "golden_structure_hash": "805e7f879a2d6195a317df940480b996a7a4515e22815b6eae970308cf32a754"
      },
      "reason_codes": [],
      "runlog_path": "04 - Data & Ontology/Ontology/_machine/runlogs/regression_2026-02-12_0134.txt",
      "summary_json_path": "04 - Data & Ontology/Ontology/_machine/runlogs/regression_summary_2026-02-12_0134.json",
      "timestamp_utc": "2026-02-12T06:34:00+00:00"
    },
    {
      "counts": {
        "evidence_files": 24,
        "memo_json_files": 6,
        "memo_md_files": 6,
        "payloads": 3,
        "reports": 6
      },
      "final_status": "PASS",
      "hashes": {
        "export_structure_hash": "805e7f879a2d6195a317df940480b996a7a4515e22815b6eae970308cf32a754",
        "golden_structure_hash": "805e7f879a2d6195a317df940480b996a7a4515e22815b6eae970308cf32a754"
      },
      "reason_codes": [],
      "runlog_path": "04 - Data & Ontology/Ontology/_machine/runlogs/regression_2026-02-12_0132_02.txt",
      "summary_json_path": "04 - Data & Ontology/Ontology/_machine/runlogs/regression_summary_2026-02-12_0132_02.json",
      "timestamp_utc": "2026-02-12T06:32:55+00:00"
    },
    {
      "counts": {
        "evidence_files": 24,
        "memo_json_files": 6,
        "memo_md_files": 6,
        "payloads": 3,
        "reports": 6
      },
      "final_status": "FAIL",
      "hashes": {
        "export_structure_hash": "805e7f879a2d6195a317df940480b996a7a4515e22815b6eae970308cf32a754",
        "golden_structure_hash": "a6acc9eb6f666a09e04c198394ee46d9a68bbcf711485a203b99edf3b27567e9"
      },
      "reason_codes": [
        "golden_mismatch_contract_hash",
        "golden_mismatch_paths"
      ],
      "runlog_path": "04 - Data & Ontology/Ontology/_machine/runlogs/regression_2026-02-12_0132_01.txt",
      "summary_json_path": "04 - Data & Ontology/Ontology/_machine/runlogs/regression_summary_2026-02-12_0132_01.json",
      "timestamp_utc": "2026-02-12T06:32:40+00:00"
    },
    {
      "counts": {
        "evidence_files": 24,
        "memo_json_files": 6,
        "memo_md_files": 6,
        "payloads": 3,
        "reports": 6
      },
      "final_status": "PASS",
      "hashes": {
        "export_structure_hash": "805e7f879a2d6195a317df940480b996a7a4515e22815b6eae970308cf32a754",
        "golden_structure_hash": "805e7f879a2d6195a317df940480b996a7a4515e22815b6eae970308cf32a754"
      },
      "reason_codes": [],
      "runlog_path": "04 - Data & Ontology/Ontology/_machine/runlogs/regression_2026-02-12_0132.txt",
      "summary_json_path": "04 - Data & Ontology/Ontology/_machine/runlogs/regression_summary_2026-02-12_0132.json",
      "timestamp_utc": "2026-02-12T06:32:21+00:00"
    },
    {
      "counts": {
        "evidence_files": 24,
        "memo_json_files": 6,
        "memo_md_files": 6,
        "payloads": 3,
        "reports": 6
      },
      "final_status": "FAIL",
      "hashes": {
        "export_structure_hash": "7dfe350f0958c5ac63a3e9176684d58ccdb285741c80459749a84c71a168dc0f",
        "golden_structure_hash": "0bf4d965c9b05840cf4817e2c6c9c36828b368fdeef6ffde99f1e531f69eeb68"
      },
      "reason_codes": [
        "golden_mismatch_contract_hash"
      ],
      "runlog_path": "04 - Data & Ontology/Ontology/_machine/runlogs/regression_2026-02-12_0131.txt",
      "summary_json_path": "04 - Data & Ontology/Ontology/_machine/runlogs/regression_summary_2026-02-12_0131.json",
      "timestamp_utc": "2026-02-12T06:31:37+00:00"
    },
    {
      "counts": {
        "evidence_files": 24,
        "memo_json_files": 6,
        "memo_md_files": 6,
        "payloads": 3,
        "reports": 6
      },
      "final_status": "PASS",
      "hashes": {},
      "reason_codes": [],
      "runlog_path": "04 - Data & Ontology/Ontology/_machine/runlogs/regression_2026-02-12_0115.txt",
      "summary_json_path": "04 - Data & Ontology/Ontology/_machine/runlogs/regression_summary_2026-02-12_0115.json",
      "timestamp_utc": "2026-02-12T06:15:01+00:00"
    },
    {
      "counts": {
        "evidence_files": 24,
        "memo_json_files": 6,
        "memo_md_files": 6,
        "payloads": 3,
        "reports": 6
      },
      "final_status": "PASS",
      "hashes": {},
      "reason_codes": [],
      "runlog_path": "04 - Data & Ontology/Ontology/_machine/runlogs/regression_2026-02-12_0114_01.txt",
      "summary_json_path": "04 - Data & Ontology/Ontology/_machine/runlogs/regression_summary_2026-02-12_0114_01.json",
      "timestamp_utc": "2026-02-12T06:14:50+00:00"
    },
    {
      "counts": {
        "evidence_files": 24,
        "memo_json_files": 6,
        "memo_md_files": 6,
        "payloads": 3,
        "reports": 6
      },
      "final_status": "FAIL",
      "hashes": {},
      "reason_codes": [
        "edits_refused"
      ],
      "runlog_path": "04 - Data & Ontology/Ontology/_machine/runlogs/regression_2026-02-12_0114.txt",
      "summary_json_path": "04 - Data & Ontology/Ontology/_machine/runlogs/regression_summary_2026-02-12_0114.json",
      "timestamp_utc": "2026-02-12T06:14:23+00:00"
    },
    {
      "counts": {
        "evidence_files": 24,
        "memo_json_files": 6,
        "memo_md_files": 6,
        "payloads": 3,
        "reports": 6
      },
      "final_status": "PASS",
      "hashes": {},
      "reason_codes": [],
      "runlog_path": "04 - Data & Ontology/Ontology/_machine/runlogs/regression_2026-02-12_0113.txt",
      "summary_json_path": "04 - Data & Ontology/Ontology/_machine/runlogs/regression_summary_2026-02-12_0113.json",
      "timestamp_utc": "2026-02-12T06:13:55+00:00"
    },
    {
      "counts": {
        "evidence_files": 24,
        "memo_json_files": 6,
        "memo_md_files": 6,
        "payloads": 3,
        "reports": 6
      },
      "final_status": "PASS",
      "hashes": {},
      "reason_codes": [],
      "runlog_path": "04 - Data & Ontology/Ontology/_machine/runlogs/regression_2026-02-12_0111.txt",
      "summary_json_path": "04 - Data & Ontology/Ontology/_machine/runlogs/regression_summary_2026-02-12_0111.json",
      "timestamp_utc": "2026-02-12T06:11:51+00:00"
    }
  ],
  "release_gates": [
    {
      "counts": {},
      "final_status": "PASS",
      "hashes": {},
      "reason_codes": [],
      "runlog_path": "04 - Data & Ontology/Ontology/_machine/runlogs/release_gate_2026-02-12_1604.txt",
      "summary_json_path": "04 - Data & Ontology/Ontology/_machine/runlogs/release_gate_summary_2026-02-12_1604.json",
      "timestamp_utc": "2026-02-12T21:04:06+00:00"
    },
    {
      "counts": {},
      "final_status": "PASS",
      "hashes": {},
      "reason_codes": [],
      "runlog_path": "04 - Data & Ontology/Ontology/_machine/runlogs/release_gate_2026-02-12_1541.txt",
      "summary_json_path": "04 - Data & Ontology/Ontology/_machine/runlogs/release_gate_summary_2026-02-12_1541.json",
      "timestamp_utc": "2026-02-12T20:41:59+00:00"
    },
    {
      "counts": {},
      "final_status": "PASS",
      "hashes": {},
      "reason_codes": [],
      "runlog_path": "04 - Data & Ontology/Ontology/_machine/runlogs/release_gate_2026-02-12_1500.txt",
      "summary_json_path": "04 - Data & Ontology/Ontology/_machine/runlogs/release_gate_summary_2026-02-12_1500.json",
      "timestamp_utc": "2026-02-12T20:01:01+00:00"
    },
    {
      "counts": {},
      "final_status": "PASS",
      "hashes": {},
      "reason_codes": [],
      "runlog_path": "04 - Data & Ontology/Ontology/_machine/runlogs/release_gate_2026-02-12_1138_02.txt",
      "summary_json_path": "04 - Data & Ontology/Ontology/_machine/runlogs/release_gate_summary_2026-02-12_1138_02.json",
      "timestamp_utc": "2026-02-12T16:38:59+00:00"
    },
    {
      "counts": {},
      "final_status": "PASS",
      "hashes": {},
      "reason_codes": [],
      "runlog_path": "04 - Data & Ontology/Ontology/_machine/runlogs/release_gate_2026-02-12_1138_01.txt",
      "summary_json_path": "04 - Data & Ontology/Ontology/_machine/runlogs/release_gate_summary_2026-02-12_1138_01.json",
      "timestamp_utc": "2026-02-12T16:38:52+00:00"
    },
    {
      "counts": {},
      "final_status": "PASS",
      "hashes": {},
      "reason_codes": [],
      "runlog_path": "04 - Data & Ontology/Ontology/_machine/runlogs/release_gate_2026-02-12_1138.txt",
      "summary_json_path": "04 - Data & Ontology/Ontology/_machine/runlogs/release_gate_summary_2026-02-12_1138.json",
      "timestamp_utc": "2026-02-12T16:38:14+00:00"
    },
    {
      "counts": {},
      "final_status": "PASS",
      "hashes": {},
      "reason_codes": [],
      "runlog_path": "04 - Data & Ontology/Ontology/_machine/runlogs/release_gate_2026-02-12_1135_01.txt",
      "summary_json_path": "04 - Data & Ontology/Ontology/_machine/runlogs/release_gate_summary_2026-02-12_1135_01.json",
      "timestamp_utc": "2026-02-12T16:35:47+00:00"
    },
    {
      "counts": {},
      "final_status": "PASS",
      "hashes": {},
      "reason_codes": [],
      "runlog_path": "04 - Data & Ontology/Ontology/_machine/runlogs/release_gate_2026-02-12_1135.txt",
      "summary_json_path": "04 - Data & Ontology/Ontology/_machine/runlogs/release_gate_summary_2026-02-12_1135.json",
      "timestamp_utc": "2026-02-12T16:35:36+00:00"
    },
    {
      "counts": {},
      "final_status": "PASS",
      "hashes": {},
      "reason_codes": [],
      "runlog_path": "04 - Data & Ontology/Ontology/_machine/runlogs/release_gate_2026-02-12_1106.txt",
      "summary_json_path": "04 - Data & Ontology/Ontology/_machine/runlogs/release_gate_summary_2026-02-12_1106.json",
      "timestamp_utc": "2026-02-12T16:06:43+00:00"
    },
    {
      "counts": {},
      "final_status": "PASS",
      "hashes": {},
      "reason_codes": [],
      "runlog_path": "04 - Data & Ontology/Ontology/_machine/runlogs/release_gate_2026-02-12_1104.txt",
      "summary_json_path": "04 - Data & Ontology/Ontology/_machine/runlogs/release_gate_summary_2026-02-12_1104.json",
      "timestamp_utc": "2026-02-12T16:05:01+00:00"
    },
    {
      "counts": {},
      "final_status": "PASS",
      "hashes": {},
      "reason_codes": [],
      "runlog_path": "04 - Data & Ontology/Ontology/_machine/runlogs/release_gate_2026-02-12_0153.txt",
      "summary_json_path": "04 - Data & Ontology/Ontology/_machine/runlogs/release_gate_summary_2026-02-12_0153.json",
      "timestamp_utc": "2026-02-12T06:53:19+00:00"
    },
    {
      "counts": {},
      "final_status": "PASS",
      "hashes": {},
      "reason_codes": [],
      "runlog_path": "04 - Data & Ontology/Ontology/_machine/runlogs/release_gate_2026-02-12_0152.txt",
      "summary_json_path": "04 - Data & Ontology/Ontology/_machine/runlogs/release_gate_summary_2026-02-12_0152.json",
      "timestamp_utc": "2026-02-12T06:52:47+00:00"
    },
    {
      "counts": {},
      "final_status": "PASS",
      "hashes": {},
      "reason_codes": [],
      "runlog_path": "04 - Data & Ontology/Ontology/_machine/runlogs/release_gate_2026-02-12_0151.txt",
      "summary_json_path": "04 - Data & Ontology/Ontology/_machine/runlogs/release_gate_summary_2026-02-12_0151.json",
      "timestamp_utc": "2026-02-12T06:51:49+00:00"
    }
  ],
  "ship_gates": [
    {
      "counts": {},
      "final_status": "PASS",
      "hashes": {
        "embedded_e2e_status": "PASS"
      },
      "reason_codes": [],
      "runlog_path": "04 - Data & Ontology/Ontology/_machine/runlogs/ship_gate_2026-02-12_1541.txt",
      "summary_json_path": "04 - Data & Ontology/Ontology/_machine/runlogs/ship_gate_summary_2026-02-12_1541.json",
      "timestamp_utc": "2026-02-12T20:41:55+00:00"
    },
    {
      "counts": {},
      "final_status": "PASS",
      "hashes": {
        "embedded_e2e_status": "PASS"
      },
      "reason_codes": [],
      "runlog_path": "04 - Data & Ontology/Ontology/_machine/runlogs/ship_gate_2026-02-12_1500.txt",
      "summary_json_path": "04 - Data & Ontology/Ontology/_machine/runlogs/ship_gate_summary_2026-02-12_1500.json",
      "timestamp_utc": "2026-02-12T20:00:57+00:00"
    }
  ]
}
