{
  "artifacts": {
    "json_path": "04 - Data & Ontology/Ontology/_machine/reports/coverage_report_2026-02-12.json",
    "md_path": "04 - Data & Ontology/Ontology/_machine/reports/coverage_report_2026-02-12.md"
  },
  "catalog_indicator_ids": [
    "IND-A1-REG-001",
    "IND-A1-REG-002",
    "IND-A1-REG-003",
    "IND-A1-REG-004",
    "IND-A1-REG-005",
    "IND-A1-REG-006",
    "IND-A2-GEO-001",
    "IND-A2-GEO-002",
    "IND-A2-GEO-003",
    "IND-A2-GEO-004",
    "IND-A2-GEO-005",
    "IND-A3-POL-001",
    "IND-A3-POL-002",
    "IND-A3-POL-003",
    "IND-A3-POL-004",
    "IND-A3-POL-005",
    "IND-A4-INF-001",
    "IND-A4-INF-002",
    "IND-A4-INF-003",
    "IND-A4-INF-004",
    "IND-A4-INF-005",
    "IND-A4-INF-006",
    "IND-A5-SUP-001",
    "IND-A5-SUP-002",
    "IND-A5-SUP-003",
    "IND-A5-SUP-004",
    "IND-A5-SUP-005",
    "IND-A6-LAB-001",
    "IND-A6-LAB-002",
    "IND-A6-LAB-003",
    "IND-A6-LAB-004",
    "IND-A6-LAB-005",
    "IND-A7-CAP-001",
    "IND-A7-CAP-002",
    "IND-A7-CAP-003",
    "IND-A7-CAP-004",
    "IND-A7-CAP-005",
    "IND-A8-ESG-001",
    "IND-A8-ESG-002",
    "IND-A8-ESG-003",
    "IND-A8-ESG-004",
    "IND-A8-ESG-005"
  ],
  "evidence": {
    "evidence_index_count": 24,
    "evidence_index_path": "09 - Publishing/site_export/v1/evidence/evidence_index.v1.json",
    "evidence_md_count": 24,
    "missing_payload_evidence_refs": [],
    "orphan_evidence_index_entries": [],
    "orphan_evidence_md": []
  },
  "generated_at_utc": "2026-02-12T21:03:47+00:00",
  "packs": [
    {
      "completeness_pct": 100.0,
      "country": "Hungary",
      "evidence_tier_counts": {
        "A": 11,
        "B": 15
      },
      "indicator_filled": 42,
      "indicator_todo": 0,
      "indicator_total": 42,
      "missing_evidence_ref_indicator_ids": [
        "IND-A1-REG-001",
        "IND-A1-REG-002",
        "IND-A1-REG-003",
        "IND-A1-REG-004",
        "IND-A1-REG-005",
        "IND-A1-REG-006",
        "IND-A2-GEO-001",
        "IND-A2-GEO-002",
        "IND-A2-GEO-003",
        "IND-A2-GEO-004",
        "IND-A2-GEO-005",
        "IND-A3-POL-001",
        "IND-A3-POL-002",
        "IND-A3-POL-003",
        "IND-A3-POL-004",
        "IND-A3-POL-005",
        "IND-A4-INF-001",
        "IND-A4-INF-002",
        "IND-A4-INF-003",
        "IND-A4-INF-004",
        "IND-A4-INF-005",
        "IND-A4-INF-006",
        "IND-A5-SUP-001",
        "IND-A5-SUP-002",
        "IND-A5-SUP-003",
        "IND-A5-SUP-004",
        "IND-A5-SUP-005",
        "IND-A6-LAB-001",
        "IND-A6-LAB-002",
        "IND-A6-LAB-003",
        "IND-A6-LAB-004",
        "IND-A6-LAB-005",
        "IND-A7-CAP-001",
        "IND-A7-CAP-002",
        "IND-A7-CAP-003",
        "IND-A7-CAP-004",
        "IND-A7-CAP-005",
        "IND-A8-ESG-001",
        "IND-A8-ESG-002",
        "IND-A8-ESG-003",
        "IND-A8-ESG-004",
        "IND-A8-ESG-005"
      ],
      "pack_path": "04 - Data & Ontology/Ontology/_machine/country_packs/hungary.v1.yaml",
      "todo_indicator_ids": []
    },
    {
      "completeness_pct": 100.0,
      "country": "Malaysia",
      "evidence_tier_counts": {
        "A": 11,
        "B": 18
      },
      "indicator_filled": 42,
      "indicator_todo": 0,
      "indicator_total": 42,
      "missing_evidence_ref_indicator_ids": [
        "IND-A1-REG-001",
        "IND-A1-REG-002",
        "IND-A1-REG-003",
        "IND-A1-REG-004",
        "IND-A1-REG-005",
        "IND-A1-REG-006",
        "IND-A2-GEO-001",
        "IND-A2-GEO-002",
        "IND-A2-GEO-003",
        "IND-A2-GEO-004",
        "IND-A2-GEO-005",
        "IND-A3-POL-001",
        "IND-A3-POL-002",
        "IND-A3-POL-003",
        "IND-A3-POL-004",
        "IND-A3-POL-005",
        "IND-A4-INF-001",
        "IND-A4-INF-002",
        "IND-A4-INF-003",
        "IND-A4-INF-004",
        "IND-A4-INF-005",
        "IND-A4-INF-006",
        "IND-A5-SUP-001",
        "IND-A5-SUP-002",
        "IND-A5-SUP-003",
        "IND-A5-SUP-004",
        "IND-A5-SUP-005",
        "IND-A6-LAB-001",
        "IND-A6-LAB-002",
        "IND-A6-LAB-003",
        "IND-A6-LAB-004",
        "IND-A6-LAB-005",
        "IND-A7-CAP-001",
        "IND-A7-CAP-002",
        "IND-A7-CAP-003",
        "IND-A7-CAP-004",
        "IND-A7-CAP-005",
        "IND-A8-ESG-001",
        "IND-A8-ESG-002",
        "IND-A8-ESG-003",
        "IND-A8-ESG-004",
        "IND-A8-ESG-005"
      ],
      "pack_path": "04 - Data & Ontology/Ontology/_machine/country_packs/malaysia.v1.yaml",
      "todo_indicator_ids": []
    },
    {
      "completeness_pct": 100.0,
      "country": "Mexico",
      "evidence_tier_counts": {
        "A": 11,
        "B": 18
      },
      "indicator_filled": 42,
      "indicator_todo": 0,
      "indicator_total": 42,
      "missing_evidence_ref_indicator_ids": [
        "IND-A1-REG-001",
        "IND-A1-REG-002",
        "IND-A1-REG-003",
        "IND-A1-REG-004",
        "IND-A1-REG-005",
        "IND-A1-REG-006",
        "IND-A2-GEO-001",
        "IND-A2-GEO-002",
        "IND-A2-GEO-003",
        "IND-A2-GEO-004",
        "IND-A2-GEO-005",
        "IND-A3-POL-001",
        "IND-A3-POL-002",
        "IND-A3-POL-003",
        "IND-A3-POL-004",
        "IND-A3-POL-005",
        "IND-A4-INF-001",
        "IND-A4-INF-002",
        "IND-A4-INF-003",
        "IND-A4-INF-004",
        "IND-A4-INF-005",
        "IND-A4-INF-006",
        "IND-A5-SUP-001",
        "IND-A5-SUP-002",
        "IND-A5-SUP-003",
        "IND-A5-SUP-004",
        "IND-A5-SUP-005",
        "IND-A6-LAB-001",
        "IND-A6-LAB-002",
        "IND-A6-LAB-003",
        "IND-A6-LAB-004",
        "IND-A6-LAB-005",
        "IND-A7-CAP-001",
        "IND-A7-CAP-002",
        "IND-A7-CAP-003",
        "IND-A7-CAP-004",
        "IND-A7-CAP-005",
        "IND-A8-ESG-001",
        "IND-A8-ESG-002",
        "IND-A8-ESG-003",
        "IND-A8-ESG-004",
        "IND-A8-ESG-005"
      ],
      "pack_path": "04 - Data & Ontology/Ontology/_machine/country_packs/mexico.v1.yaml",
      "todo_indicator_ids": []
    }
  ],
  "summary": {
    "catalog_indicator_count": 42,
    "missing_payload_evidence_ref_count": 0,
    "orphan_evidence_index_count": 0,
    "orphan_evidence_md_count": 0,
    "packs_count": 3,
    "reports_count": 6
  },
  "tracks": [
    {
      "confidence_overall_cap": "high",
      "fatal_missing_indicator_ids": [],
      "fatal_missingness_triggered": false,
      "overlay": "Balanced",
      "profile_id": "WP-EV-OEM-DOM-1.1",
      "report_path": "04 - Data & Ontology/Ontology/_machine/reports/hungary.ev_oem_domestic.wp-ev-oem-dom-1.1.balanced.report.v1.json"
    },
    {
      "confidence_overall_cap": "high",
      "fatal_missing_indicator_ids": [],
      "fatal_missingness_triggered": false,
      "overlay": "Balanced",
      "profile_id": "WP-EV-OEM-EXPORT-1.1",
      "report_path": "04 - Data & Ontology/Ontology/_machine/reports/hungary.ev_oem_export.wp-ev-oem-export-1.1.balanced.report.v1.json"
    },
    {
      "confidence_overall_cap": "high",
      "fatal_missing_indicator_ids": [],
      "fatal_missingness_triggered": false,
      "overlay": "Balanced",
      "profile_id": "WP-EV-OEM-DOM-1.1",
      "report_path": "04 - Data & Ontology/Ontology/_machine/reports/malaysia.ev_oem_domestic.wp-ev-oem-dom-1.1.balanced.report.v1.json"
    },
    {
      "confidence_overall_cap": "high",
      "fatal_missing_indicator_ids": [],
      "fatal_missingness_triggered": false,
      "overlay": "Balanced",
      "profile_id": "WP-SEMI-OSAT-EXPORT-1.1",
      "report_path": "04 - Data & Ontology/Ontology/_machine/reports/malaysia.semi_osat_export.wp-semi-osat-export-1.1.balanced.report.v1.json"
    },
    {
      "confidence_overall_cap": "high",
      "fatal_missing_indicator_ids": [],
      "fatal_missingness_triggered": false,
      "overlay": "Balanced",
      "profile_id": "WP-EV-OEM-DOM-1.1",
      "report_path": "04 - Data & Ontology/Ontology/_machine/reports/mexico.ev_oem_domestic.wp-ev-oem-dom-1.1.balanced.report.v1.json"
    },
    {
      "confidence_overall_cap": "high",
      "fatal_missing_indicator_ids": [],
      "fatal_missingness_triggered": false,
      "overlay": "Balanced",
      "profile_id": "WP-EV-OEM-EXPORT-1.1",
      "report_path": "04 - Data & Ontology/Ontology/_machine/reports/mexico.ev_oem_export.wp-ev-oem-export-1.1.balanced.report.v1.json"
    }
  ],
  "version": "coverage_report.v1"
}
