{
  "reports": [
    {
      "country": "Hungary",
      "dossier_slug": "gd-hun-ev-oem-export-001",
      "evidence_tier_summary": {
        "A": 27,
        "B": 15
      },
      "flags": [
        {
          "id": "FLAG-TIERB-PRESENT",
          "indicator_ids": [
            "IND-A1-REG-005",
            "IND-A1-REG-006",
            "IND-A3-POL-002",
            "IND-A3-POL-004",
            "IND-A5-SUP-003",
            "IND-A5-SUP-004",
            "IND-A5-SUP-005",
            "IND-A6-LAB-003",
            "IND-A6-LAB-004",
            "IND-A6-LAB-005",
            "IND-A7-CAP-001",
            "IND-A7-CAP-004",
            "IND-A7-CAP-005",
            "IND-A8-ESG-003",
            "IND-A8-ESG-005"
          ],
          "summary": "Tier B evidence present; confidence capped per indicator."
        }
      ],
      "id": "gd-hun-ev-oem-export-001",
      "memo_json_path": "memos/gd-hun-ev-oem-export-001.memo.v1.json",
      "memo_md_path": "memos/rendered/gd-hun-ev-oem-export-001.memo.v1.md",
      "path": "reports/gd-hun-ev-oem-export-001.report.v1.json",
      "profile_id": "WP-EV-OEM-EXPORT-1.1",
      "track": "export"
    },
    {
      "country": "Hungary",
      "dossier_slug": "hungary.ev_oem_domestic.wp-ev-oem-dom-1.1.balanced",
      "evidence_tier_summary": {
        "A": 27,
        "B": 15
      },
      "flags": [
        {
          "id": "FLAG-TIERB-PRESENT",
          "indicator_ids": [
            "IND-A1-REG-005",
            "IND-A1-REG-006",
            "IND-A3-POL-002",
            "IND-A3-POL-004",
            "IND-A5-SUP-003",
            "IND-A5-SUP-004",
            "IND-A5-SUP-005",
            "IND-A6-LAB-003",
            "IND-A6-LAB-004",
            "IND-A6-LAB-005",
            "IND-A7-CAP-001",
            "IND-A7-CAP-004",
            "IND-A7-CAP-005",
            "IND-A8-ESG-003",
            "IND-A8-ESG-005"
          ],
          "summary": "Tier B evidence present; confidence capped per indicator."
        }
      ],
      "id": "hungary.ev_oem_domestic.wp-ev-oem-dom-1.1.balanced",
      "memo_json_path": "memos/hungary.ev_oem_domestic.wp-ev-oem-dom-1.1.balanced.memo.v1.json",
      "memo_md_path": "memos/rendered/hungary.ev_oem_domestic.wp-ev-oem-dom-1.1.balanced.memo.v1.md",
      "path": "reports/hungary.ev_oem_domestic.wp-ev-oem-dom-1.1.balanced.report.v1.json",
      "profile_id": "WP-EV-OEM-DOM-1.1",
      "track": "domestic"
    },
    {
      "country": "Malaysia",
      "dossier_slug": "malaysia.ev_oem_domestic.wp-ev-oem-dom-1.1.balanced",
      "evidence_tier_summary": {
        "A": 24,
        "B": 18
      },
      "flags": [
        {
          "id": "FLAG-TIERB-PRESENT",
          "indicator_ids": [
            "IND-A1-REG-005",
            "IND-A1-REG-006",
            "IND-A3-POL-001",
            "IND-A3-POL-002",
            "IND-A3-POL-003",
            "IND-A3-POL-004",
            "IND-A3-POL-005",
            "IND-A5-SUP-003",
            "IND-A5-SUP-004",
            "IND-A5-SUP-005",
            "IND-A6-LAB-003",
            "IND-A6-LAB-004",
            "IND-A6-LAB-005",
            "IND-A7-CAP-001",
            "IND-A7-CAP-004",
            "IND-A7-CAP-005",
            "IND-A8-ESG-003",
            "IND-A8-ESG-005"
          ],
          "summary": "Tier B evidence present; confidence capped per indicator."
        }
      ],
      "id": "malaysia.ev_oem_domestic.wp-ev-oem-dom-1.1.balanced",
      "memo_json_path": "memos/malaysia.ev_oem_domestic.wp-ev-oem-dom-1.1.balanced.memo.v1.json",
      "memo_md_path": "memos/rendered/malaysia.ev_oem_domestic.wp-ev-oem-dom-1.1.balanced.memo.v1.md",
      "path": "reports/malaysia.ev_oem_domestic.wp-ev-oem-dom-1.1.balanced.report.v1.json",
      "profile_id": "WP-EV-OEM-DOM-1.1",
      "track": "domestic"
    },
    {
      "country": "Mexico",
      "dossier_slug": "mexico.ev_oem_domestic.wp-ev-oem-dom-1.1.balanced",
      "evidence_tier_summary": {
        "A": 24,
        "B": 18
      },
      "flags": [
        {
          "id": "FLAG-TIERB-PRESENT",
          "indicator_ids": [
            "IND-A1-REG-005",
            "IND-A1-REG-006",
            "IND-A3-POL-002",
            "IND-A3-POL-003",
            "IND-A3-POL-004",
            "IND-A3-POL-005",
            "IND-A5-SUP-002",
            "IND-A5-SUP-003",
            "IND-A5-SUP-004",
            "IND-A5-SUP-005",
            "IND-A6-LAB-003",
            "IND-A6-LAB-004",
            "IND-A6-LAB-005",
            "IND-A7-CAP-001",
            "IND-A7-CAP-004",
            "IND-A7-CAP-005",
            "IND-A8-ESG-003",
            "IND-A8-ESG-005"
          ],
          "summary": "Tier B evidence present; confidence capped per indicator."
        }
      ],
      "id": "mexico.ev_oem_domestic.wp-ev-oem-dom-1.1.balanced",
      "memo_json_path": "memos/mexico.ev_oem_domestic.wp-ev-oem-dom-1.1.balanced.memo.v1.json",
      "memo_md_path": "memos/rendered/mexico.ev_oem_domestic.wp-ev-oem-dom-1.1.balanced.memo.v1.md",
      "path": "reports/mexico.ev_oem_domestic.wp-ev-oem-dom-1.1.balanced.report.v1.json",
      "profile_id": "WP-EV-OEM-DOM-1.1",
      "track": "domestic"
    },
    {
      "country": "Mexico",
      "dossier_slug": "pd-mex-ev-oem-export-001",
      "evidence_tier_summary": {
        "A": 24,
        "B": 18
      },
      "flags": [
        {
          "id": "FLAG-TIERB-PRESENT",
          "indicator_ids": [
            "IND-A1-REG-005",
            "IND-A1-REG-006",
            "IND-A3-POL-002",
            "IND-A3-POL-003",
            "IND-A3-POL-004",
            "IND-A3-POL-005",
            "IND-A5-SUP-002",
            "IND-A5-SUP-003",
            "IND-A5-SUP-004",
            "IND-A5-SUP-005",
            "IND-A6-LAB-003",
            "IND-A6-LAB-004",
            "IND-A6-LAB-005",
            "IND-A7-CAP-001",
            "IND-A7-CAP-004",
            "IND-A7-CAP-005",
            "IND-A8-ESG-003",
            "IND-A8-ESG-005"
          ],
          "summary": "Tier B evidence present; confidence capped per indicator."
        }
      ],
      "id": "pd-mex-ev-oem-export-001",
      "memo_json_path": "memos/pd-mex-ev-oem-export-001.memo.v1.json",
      "memo_md_path": "memos/rendered/pd-mex-ev-oem-export-001.memo.v1.md",
      "path": "reports/pd-mex-ev-oem-export-001.report.v1.json",
      "profile_id": "WP-EV-OEM-EXPORT-1.1",
      "track": "export"
    },
    {
      "country": "Malaysia",
      "dossier_slug": "pd-mys-semi-osat-export-001",
      "evidence_tier_summary": {
        "A": 24,
        "B": 18
      },
      "flags": [
        {
          "id": "FLAG-TIERB-PRESENT",
          "indicator_ids": [
            "IND-A1-REG-005",
            "IND-A1-REG-006",
            "IND-A3-POL-001",
            "IND-A3-POL-002",
            "IND-A3-POL-003",
            "IND-A3-POL-004",
            "IND-A3-POL-005",
            "IND-A5-SUP-003",
            "IND-A5-SUP-004",
            "IND-A5-SUP-005",
            "IND-A6-LAB-003",
            "IND-A6-LAB-004",
            "IND-A6-LAB-005",
            "IND-A7-CAP-001",
            "IND-A7-CAP-004",
            "IND-A7-CAP-005",
            "IND-A8-ESG-003",
            "IND-A8-ESG-005"
          ],
          "summary": "Tier B evidence present; confidence capped per indicator."
        }
      ],
      "id": "pd-mys-semi-osat-export-001",
      "memo_json_path": "memos/pd-mys-semi-osat-export-001.memo.v1.json",
      "memo_md_path": "memos/rendered/pd-mys-semi-osat-export-001.memo.v1.md",
      "path": "reports/pd-mys-semi-osat-export-001.report.v1.json",
      "profile_id": "WP-SEMI-OSAT-EXPORT-1.1",
      "track": "export"
    }
  ]
}
