{
  "completeness": {
    "by_domain": {
      "A1": 100.0,
      "A2": 100.0,
      "A3": 100.0,
      "A4": 100.0,
      "A5": 100.0,
      "A6": 100.0,
      "A7": 80.0,
      "A8": 100.0
    },
    "domain_breakdown": {
      "A1": {
        "complete": 2,
        "in_scope": 2,
        "pct": 100.0
      },
      "A2": {
        "complete": 5,
        "in_scope": 5,
        "pct": 100.0
      },
      "A3": {
        "complete": 0,
        "in_scope": 0,
        "pct": 0.0
      },
      "A4": {
        "complete": 6,
        "in_scope": 6,
        "pct": 100.0
      },
      "A5": {
        "complete": 1,
        "in_scope": 1,
        "pct": 100.0
      },
      "A6": {
        "complete": 1,
        "in_scope": 1,
        "pct": 100.0
      },
      "A7": {
        "complete": 0,
        "in_scope": 0,
        "pct": 0.0
      },
      "A8": {
        "complete": 0,
        "in_scope": 0,
        "pct": 0.0
      }
    },
    "overall_pct": 97.5,
    "profile_weighted_pct": 100.0,
    "weights_used": {
      "A1": 0.13333333333333333,
      "A2": 0.26666666666666666,
      "A4": 0.26666666666666666,
      "A5": 0.13333333333333333,
      "A6": 0.19999999999999998
    }
  },
  "confidence": {
    "by_domain_cap": {
      "A1": "high",
      "A2": "high",
      "A3": "high",
      "A4": "high",
      "A5": "high",
      "A6": "high",
      "A7": "high",
      "A8": "high"
    },
    "overall_cap": "high",
    "reasons": []
  },
  "evidence_refs": [
    "EV-2026-001",
    "EV-2026-004",
    "EV-2026-007",
    "EV-2026-010",
    "EV-2026-011",
    "EV-2026-014",
    "EV-2026-016",
    "EV-2026-019",
    "EV-2026-022",
    "EV-2026-023",
    "EV-2026-024",
    "EV-2026-025",
    "EV-2026-026",
    "EV-2026-027",
    "EV-2026-028",
    "EV-2026-029",
    "EV-2026-030",
    "EV-2026-031",
    "EV-2026-032"
  ],
  "flags": {
    "triggered": [
      {
        "id": "FLAG-TIERB-PRESENT",
        "indicator_ids": [
          "IND-A1-REG-005",
          "IND-A1-REG-006",
          "IND-A3-POL-001",
          "IND-A3-POL-002",
          "IND-A3-POL-003",
          "IND-A3-POL-004",
          "IND-A3-POL-005",
          "IND-A5-SUP-003",
          "IND-A5-SUP-004",
          "IND-A5-SUP-005",
          "IND-A6-LAB-003",
          "IND-A6-LAB-004",
          "IND-A6-LAB-005",
          "IND-A7-CAP-001",
          "IND-A7-CAP-004",
          "IND-A7-CAP-005",
          "IND-A8-ESG-003",
          "IND-A8-ESG-005"
        ],
        "summary": "Tier B evidence present; confidence capped per indicator."
      }
    ],
    "watchlist": []
  },
  "indicators": [
    {
      "domain": "A1",
      "id": "IND-A1-REG-001",
      "is_complete_strict": true,
      "label": "Regulatory Quality Estimate",
      "missing_date": false,
      "missing_url": false,
      "missing_value": false,
      "notes": "World Bank WGI Regulatory Quality (estimate). Latest non-null 2023 value 0.660894274711609. WGI estimates typically range -2.5 to 2.5 (higher = stronger regulatory quality).",
      "source_institution": "World Bank (WGI)",
      "unit": "Score (-2.5 to 2.5)",
      "urls": [
        "https://api.worldbank.org/v2/country/MYS/indicator/RQ.EST?format=json"
      ],
      "value": 0.660894274711609,
      "year": null
    },
    {
      "domain": "A1",
      "id": "IND-A1-REG-002",
      "is_complete_strict": true,
      "label": "Rule of Law Estimate",
      "missing_date": false,
      "missing_url": false,
      "missing_value": false,
      "notes": "World Bank WGI Rule of Law (estimate). Latest non-null 2023 value 0.571915447711945. WGI estimates typically range -2.5 to 2.5 (higher = stronger rule of law).",
      "source_institution": "World Bank (WGI)",
      "unit": "Score (-2.5 to 2.5)",
      "urls": [
        "https://api.worldbank.org/v2/country/MYS/indicator/RL.EST?format=json"
      ],
      "value": 0.571915447711945,
      "year": null
    },
    {
      "domain": "A1",
      "id": "IND-A1-REG-003",
      "is_complete_strict": true,
      "label": "Contract Enforcement Efficiency",
      "missing_date": false,
      "missing_url": false,
      "missing_value": false,
      "notes": "World Bank Doing Business; enforcing contracts time and cost. Latest available year 2019.",
      "source_institution": "World Bank (Doing Business)",
      "unit": "Days / % of claim",
      "urls": [
        "https://api.worldbank.org/v2/country/MYS/indicator/ENF.CONT.DURS.DY?format=json",
        "https://api.worldbank.org/v2/country/MYS/indicator/ENF.CONT.COEN.COST.ZS?format=json"
      ],
      "value": "Time (days): 425; Cost (% of claim): 37.9",
      "year": null
    },
    {
      "domain": "A1",
      "id": "IND-A1-REG-004",
      "is_complete_strict": true,
      "label": "Permitting Complexity Index",
      "missing_date": false,
      "missing_url": false,
      "missing_value": false,
      "notes": "World Bank Doing Business; construction permits procedures and time. Latest available year 2019.",
      "source_institution": "World Bank (Doing Business)",
      "unit": "Number of procedures / Days",
      "urls": [
        "https://api.worldbank.org/v2/country/MYS/indicator/IC.CNST.PRMT.PROC.NO?format=json",
        "https://api.worldbank.org/v2/country/MYS/indicator/IC.CNST.PRMT.TM.DY?format=json"
      ],
      "value": "Procedures: 9; Time (days): 41",
      "year": null
    },
    {
      "domain": "A1",
      "id": "IND-A1-REG-005",
      "is_complete_strict": true,
      "label": "Regulatory Burden Perception",
      "missing_date": false,
      "missing_url": false,
      "missing_value": false,
      "notes": "Enterprise Surveys: % firms identifying business licensing and permits as a major constraint; year 2015. Proxy for regulatory burden perception.",
      "source_institution": "World Bank Enterprise Surveys",
      "unit": "Percent of firms",
      "urls": [
        "https://api.worldbank.org/v2/country/MYS/indicator/IC.FRM.REG.BUS5?format=json"
      ],
      "value": 14.7,
      "year": null
    },
    {
      "domain": "A1",
      "id": "IND-A1-REG-006",
      "is_complete_strict": true,
      "label": "Policy Instability Concern",
      "missing_date": false,
      "missing_url": false,
      "missing_value": false,
      "notes": "Enterprise Surveys: % firms naming political instability as biggest obstacle; year 2015. Proxy for policy instability concern.",
      "source_institution": "World Bank Enterprise Surveys",
      "unit": "Percent of firms",
      "urls": [
        "https://api.worldbank.org/v2/country/MYS/indicator/IC.FRM.OBS.OBST11?format=json"
      ],
      "value": 8.4,
      "year": null
    },
    {
      "domain": "A2",
      "id": "IND-A2-GEO-001",
      "is_complete_strict": true,
      "label": "Trade Openness Index",
      "missing_date": false,
      "missing_url": false,
      "missing_value": false,
      "notes": "World Bank API; indicator NE.TRD.GNFS.ZS; year 2024.",
      "source_institution": "World Bank / WTO",
      "unit": "Percentage",
      "urls": [
        "https://api.worldbank.org/v2/country/MY/indicator/NE.TRD.GNFS.ZS?format=json"
      ],
      "value": 137.3626,
      "year": null
    },
    {
      "domain": "A2",
      "id": "IND-A2-GEO-002",
      "is_complete_strict": true,
      "label": "Sanctions Alignment Risk",
      "missing_date": false,
      "missing_url": false,
      "missing_value": false,
      "notes": "No broad country-level sanctions targeting Malaysia identified; compliance focuses on screening designated persons/entities under UN/UK/US lists. Decision support, not legal advice.",
      "source_institution": "United Nations Security Council; UK FCDO; US Treasury OFAC",
      "unit": "ordinal_0_2",
      "urls": [
        "https://main.un.org/securitycouncil/content/un-sc-consolidated-list",
        "https://www.gov.uk/government/publications/the-uk-sanctions-list",
        "https://ofac.treasury.gov/sanctions-list-service"
      ],
      "value": 0,
      "year": null
    },
    {
      "domain": "A2",
      "id": "IND-A2-GEO-003",
      "is_complete_strict": true,
      "label": "Geopolitical Alignment (Bloc)",
      "missing_date": false,
      "missing_url": false,
      "missing_value": false,
      "notes": "OSAT handling of advanced semiconductors raises exposure to US EAR controls and licensing requirements; higher compliance burden for sensitive tech. Decision support, not legal advice.",
      "source_institution": "US BIS",
      "unit": "ordinal_0_2",
      "urls": [
        "https://www.bis.gov/regulations/ear",
        "https://www.bis.gov/licensing/country-guidance"
      ],
      "value": 2,
      "year": null
    },
    {
      "domain": "A2",
      "id": "IND-A2-GEO-004",
      "is_complete_strict": true,
      "label": "Conflict Intensity Index",
      "missing_date": false,
      "missing_url": false,
      "missing_value": false,
      "notes": "World Bank WGI PV.EST (Political Stability and Absence of Violence/Terrorism). Latest non-null 2023 value 0.16851469874382. Proxy mapping: conflict_intensity_score = clamp01((-PV + 2.5) / 5.0) * 10 = 4.66 (higher = higher conflict intensity risk).",
      "source_institution": "World Bank",
      "unit": "Score (0-10)",
      "urls": [
        "https://api.worldbank.org/v2/country/MYS/indicator/PV.EST?format=json"
      ],
      "value": 4.66,
      "year": null
    },
    {
      "domain": "A2",
      "id": "IND-A2-GEO-005",
      "is_complete_strict": true,
      "label": "High-Tech Export Restrictions",
      "missing_date": false,
      "missing_url": false,
      "missing_value": false,
      "notes": "Supplement No. 1 to 15 CFR Part 740 (eCFR) lists Malaysia in Country Group B; not listed in Country Groups D or E. Mapping: ordinal_0_2 where 0 = not in any D or E group, 1 = in D group(s) only, 2 = in E group(s). Decision support only; not legal advice.",
      "source_institution": "US BIS (eCFR)",
      "unit": "ordinal_0_2",
      "urls": [
        "https://www.ecfr.gov/current/title-15/subtitle-B/chapter-VII/subchapter-C/part-740"
      ],
      "value": 0,
      "year": null
    },
    {
      "domain": "A3",
      "id": "IND-A3-POL-001",
      "is_complete_strict": true,
      "label": "FDI Restrictiveness Index",
      "missing_date": false,
      "missing_url": false,
      "missing_value": false,
      "notes": "Proxy for FDI restrictiveness: FDI net inflows (% GDP); OECD index unavailable for Malaysia. Year 2024.",
      "source_institution": "World Bank",
      "unit": "Percentage of GDP",
      "urls": [
        "https://api.worldbank.org/v2/country/MYS/indicator/BX.KLT.DINV.WD.GD.ZS?format=json"
      ],
      "value": 3.6930953933026,
      "year": null
    },
    {
      "domain": "A3",
      "id": "IND-A3-POL-002",
      "is_complete_strict": true,
      "label": "Gov't Support for Tech",
      "missing_date": false,
      "missing_url": false,
      "missing_value": false,
      "notes": "Tier-B proxy for gov support for tech: ITU ICT Development Index (IDI) overall score (IDI 2023 dataset; scores reflect indicator values year 2021).",
      "source_institution": "ITU",
      "unit": "Score (1-7)",
      "urls": [
        "https://www.itu.int/en/ITU-D/Statistics/Documents/IDI/IDI2023Dataset.xlsx"
      ],
      "value": 94.5,
      "year": null
    },
    {
      "domain": "A3",
      "id": "IND-A3-POL-003",
      "is_complete_strict": true,
      "label": "Local Content Requirements",
      "missing_date": false,
      "missing_url": false,
      "missing_value": false,
      "notes": "2025 Investment Climate Statement notes local equity participation and performance requirements including local content; binary set to 1 (LCR present).",
      "source_institution": "US Department of State",
      "unit": "Binary / Severity Scale",
      "urls": [
        "https://www.state.gov/reports/2025-investment-climate-statements/malaysia"
      ],
      "value": 1,
      "year": null
    },
    {
      "domain": "A3",
      "id": "IND-A3-POL-004",
      "is_complete_strict": true,
      "label": "SOE Prevalence",
      "missing_date": false,
      "missing_url": false,
      "missing_value": false,
      "notes": "2025 Investment Climate Statement: GLCs hold ~25.7% of total market capitalization; proxy for SOE prevalence.",
      "source_institution": "US Department of State",
      "unit": "Percent of market cap",
      "urls": [
        "https://www.state.gov/reports/2025-investment-climate-statements/malaysia"
      ],
      "value": 25.7,
      "year": null
    },
    {
      "domain": "A3",
      "id": "IND-A3-POL-005",
      "is_complete_strict": true,
      "label": "Strategic Sector Designation",
      "missing_date": false,
      "missing_url": false,
      "missing_value": false,
      "notes": "2025 Investment Climate Statement notes sector-specific equity caps and strategic sector constraints; strategic sector designation present. Binary set to 1 (yes).",
      "source_institution": "US Department of State",
      "unit": "Binary (Yes/No)",
      "urls": [
        "https://www.state.gov/reports/2025-investment-climate-statements/malaysia"
      ],
      "value": 1,
      "year": null
    },
    {
      "domain": "A4",
      "id": "IND-A4-INF-001",
      "is_complete_strict": true,
      "label": "LPI - Logistics Performance Index",
      "missing_date": false,
      "missing_url": false,
      "missing_value": false,
      "notes": "World Bank API; indicator LP.LPI.OVRL.XQ; year 2022.",
      "source_institution": "World Bank",
      "unit": "Index (50=neutral)",
      "urls": [
        "https://api.worldbank.org/v2/country/MYS/indicator/LP.LPI.OVRL.XQ?format=json"
      ],
      "value": 3.6,
      "year": null
    },
    {
      "domain": "A4",
      "id": "IND-A4-INF-002",
      "is_complete_strict": true,
      "label": "Quality of Electricity Supply",
      "missing_date": false,
      "missing_url": false,
      "missing_value": false,
      "notes": "World Bank API; indicator EG.ELC.LOSS.ZS (electric power transmission and distribution losses % of output); year 2022.",
      "source_institution": "World Bank",
      "unit": "Percentage",
      "urls": [
        "https://api.worldbank.org/v2/country/MYS/indicator/EG.ELC.LOSS.ZS?format=json"
      ],
      "value": 6.89703040075174,
      "year": null
    },
    {
      "domain": "A4",
      "id": "IND-A4-INF-003",
      "is_complete_strict": true,
      "label": "Industrial Electricity Price Volatility",
      "missing_date": false,
      "missing_url": false,
      "missing_value": false,
      "notes": "World Bank API; indicator EG.ELC.LOSS.ZS (electric power transmission and distribution losses % of output). 3-year volatility proxy uses CV = std/mean of latest values (2022=6.8970, 2021=6.8970, 2020=6.8971); mean=6.8970, std=0.00003, CV=0.0000044 (rounded to 0.0000). Proxy caveat: loss variability \u2260 industrial electricity price volatility.",
      "source_institution": "World Bank",
      "unit": "CV (3y, ratio)",
      "urls": [
        "https://api.worldbank.org/v2/country/MYS/indicator/EG.ELC.LOSS.ZS?format=json"
      ],
      "value": 0.0,
      "year": null
    },
    {
      "domain": "A4",
      "id": "IND-A4-INF-004",
      "is_complete_strict": true,
      "label": "Port Efficiency / Dwell Time",
      "missing_date": false,
      "missing_url": false,
      "missing_value": false,
      "notes": "Tier-A proxy: Enterprise Surveys average time to clear exports through customs (IC.CUS.DURS.EX). Latest non-null value 2024 = 12.80509472 days. Proxy for port/dwell time efficiency; not a direct port dwell measure.",
      "source_institution": "World Bank",
      "unit": "Days",
      "urls": [
        "https://api.worldbank.org/v2/country/MYS/indicator/IC.CUS.DURS.EX?format=json"
      ],
      "value": 12.8051,
      "year": null
    },
    {
      "domain": "A4",
      "id": "IND-A4-INF-005",
      "is_complete_strict": true,
      "label": "Industrial Internet Quality",
      "missing_date": false,
      "missing_url": false,
      "missing_value": false,
      "notes": "World Bank API; indicator IT.NET.BBND.P2 (fixed broadband subscriptions per 100 people); year 2023.",
      "source_institution": "World Bank",
      "unit": "Per 100 people",
      "urls": [
        "https://api.worldbank.org/v2/country/MYS/indicator/IT.NET.BBND.P2?format=json"
      ],
      "value": 13.0287,
      "year": null
    },
    {
      "domain": "A4",
      "id": "IND-A4-INF-006",
      "is_complete_strict": true,
      "label": "Industrial Land Availability",
      "missing_date": false,
      "missing_url": false,
      "missing_value": false,
      "notes": "Tier-A proxy: Enterprise Surveys time required to obtain an operating license (IC.FRM.DURS). Latest non-null value 2024 = 13.25109196 days. Proxy for industrial land/operational setup friction; lower days implies better availability.",
      "source_institution": "World Bank",
      "unit": "Score / Days",
      "urls": [
        "https://api.worldbank.org/v2/country/MYS/indicator/IC.FRM.DURS?format=json"
      ],
      "value": 13.2511,
      "year": null
    },
    {
      "domain": "A5",
      "id": "IND-A5-SUP-001",
      "is_complete_strict": true,
      "label": "Export Concentration Index",
      "missing_date": false,
      "missing_url": false,
      "missing_value": false,
      "notes": "Proxy for export concentration: WITS TradeStats HH market concentration index (HH-MKT-CNCNTRTN-NDX), latest available year 2023. UI: https://wits.worldbank.org/CountryProfile/en/country/by-country/startyear/ltst/endyear/ltst/indicator/HH-MKT-CNCNTRTN-NDX",
      "source_institution": "WITS (World Bank)",
      "unit": "Score (0-1)",
      "urls": [
        "https://wits.worldbank.org/API/V1/SDMX/V21/datasource/tradestats-trade/reporter/MYS/year/2023/indicator/HH-MKT-CNCNTRTN-NDX?format=JSON"
      ],
      "value": 0.098755799845,
      "year": null
    },
    {
      "domain": "A5",
      "id": "IND-A5-SUP-002",
      "is_complete_strict": true,
      "label": "Manufacturing Value Added",
      "missing_date": false,
      "missing_url": false,
      "missing_value": false,
      "notes": "World Bank API; indicator NV.IND.MANF.ZS (manufacturing value added % of GDP); year 2024.",
      "source_institution": "World Bank",
      "unit": "Percentage",
      "urls": [
        "https://api.worldbank.org/v2/country/MYS/indicator/NV.IND.MANF.ZS?format=json"
      ],
      "value": 22.5003191935602,
      "year": null
    },
    {
      "domain": "A5",
      "id": "IND-A5-SUP-003",
      "is_complete_strict": true,
      "label": "Critical Raw Material Production",
      "missing_date": false,
      "missing_url": false,
      "missing_value": false,
      "notes": "Proxy for critical raw material production: mineral rents (% GDP); year 2021.",
      "source_institution": "World Bank",
      "unit": "Percent of GDP",
      "urls": [
        "https://api.worldbank.org/v2/country/MYS/indicator/NY.GDP.MINR.RT.ZS?format=json"
      ],
      "value": 0.0,
      "year": null
    },
    {
      "domain": "A5",
      "id": "IND-A5-SUP-004",
      "is_complete_strict": true,
      "label": "Quality Certification Density",
      "missing_date": false,
      "missing_url": false,
      "missing_value": false,
      "notes": "Enterprise Surveys: % firms with internationally recognized quality certification; year 2015. Proxy for quality certification density.",
      "source_institution": "World Bank Enterprise Surveys",
      "unit": "Percent of firms",
      "urls": [
        "https://api.worldbank.org/v2/country/MYS/indicator/IC.FRM.INNOV.T1?format=json"
      ],
      "value": 14.0,
      "year": null
    },
    {
      "domain": "A5",
      "id": "IND-A5-SUP-005",
      "is_complete_strict": true,
      "label": "Supplier Delivery Time",
      "missing_date": false,
      "missing_url": false,
      "missing_value": false,
      "notes": "Proxy for supplier delivery performance using LPI Timeliness (0-5); year 2022. LPI scaled to 0-100 via *20; proxy uses LP.LPI.LOGS.XQ due to series availability.",
      "source_institution": "World Bank",
      "unit": "Index (50=neutral)",
      "urls": [
        "https://api.worldbank.org/v2/country/MYS/indicator/LP.LPI.LOGS.XQ?format=json"
      ],
      "value": 74.0,
      "year": null
    },
    {
      "domain": "A6",
      "id": "IND-A6-LAB-001",
      "is_complete_strict": true,
      "label": "Human Capital Index",
      "missing_date": false,
      "missing_url": false,
      "missing_value": false,
      "notes": "World Bank API; indicator HD.HCI.OVRL; year 2020.",
      "source_institution": "World Bank",
      "unit": "Score (0-1)",
      "urls": [
        "https://api.worldbank.org/v2/country/MYS/indicator/HD.HCI.OVRL?format=json"
      ],
      "value": 0.611,
      "year": null
    },
    {
      "domain": "A6",
      "id": "IND-A6-LAB-002",
      "is_complete_strict": true,
      "label": "STEM Graduates",
      "missing_date": false,
      "missing_url": false,
      "missing_value": false,
      "notes": "World Bank API; Primary series SE.TER.GRAD.SCI.ZS missing; used SP.POP.SCIE.RD.P6. indicator SP.POP.SCIE.RD.P6 (tertiary graduates in science (fallback to researchers per million)); year 2020.",
      "source_institution": "World Bank",
      "unit": "Researchers per million people",
      "urls": [
        "https://api.worldbank.org/v2/country/MYS/indicator/SP.POP.SCIE.RD.P6?format=json"
      ],
      "value": 711.51035,
      "year": null
    },
    {
      "domain": "A6",
      "id": "IND-A6-LAB-003",
      "is_complete_strict": true,
      "label": "Labor Freedom / Flexibility",
      "missing_date": false,
      "missing_url": false,
      "missing_value": false,
      "notes": "Enterprise Surveys: % firms identifying labor regulations as major constraint; year 2015. Proxy for labor flexibility. Fraser/Heritage data unavailable in Sprint 13.",
      "source_institution": "World Bank Enterprise Surveys",
      "unit": "Percent of firms",
      "urls": [
        "https://api.worldbank.org/v2/country/MYS/indicator/IC.FRM.WRKF.WK9?format=json"
      ],
      "value": 9.2,
      "year": null
    },
    {
      "domain": "A6",
      "id": "IND-A6-LAB-004",
      "is_complete_strict": true,
      "label": "Strike / Labor Unrest Risk",
      "missing_date": false,
      "missing_url": false,
      "missing_value": false,
      "notes": "Proxy for labor unrest risk using unemployment rate; year 2024. GDELT Events API returned 404 in Sprint 13.",
      "source_institution": "World Bank",
      "unit": "Percentage",
      "urls": [
        "https://api.worldbank.org/v2/country/MYS/indicator/SL.UEM.TOTL.ZS?format=json"
      ],
      "value": 3.846,
      "year": null
    },
    {
      "domain": "A6",
      "id": "IND-A6-LAB-005",
      "is_complete_strict": true,
      "label": "Ease of Finding Skilled Employees",
      "missing_date": false,
      "missing_url": false,
      "missing_value": false,
      "notes": "Enterprise Surveys: % firms identifying inadequately educated workforce as major constraint; year 2015. Proxy for skilled labor availability.",
      "source_institution": "World Bank Enterprise Surveys",
      "unit": "Percent of firms",
      "urls": [
        "https://api.worldbank.org/v2/country/MYS/indicator/IC.FRM.WRKF.WK10?format=json"
      ],
      "value": 12.2,
      "year": null
    },
    {
      "domain": "A7",
      "id": "IND-A7-CAP-001",
      "is_complete_strict": true,
      "label": "Exchange Rate Volatility",
      "missing_date": false,
      "missing_url": false,
      "missing_value": false,
      "notes": "Proxy FX volatility from annual exchange rate series PA.NUS.FCRF. Computed log-return volatility over 2015-2024 and annualized; value in percent.",
      "source_institution": "World Bank",
      "unit": "Percent (annualized vol)",
      "urls": [
        "https://api.worldbank.org/v2/country/MYS/indicator/PA.NUS.FCRF?format=json"
      ],
      "value": 3.9102,
      "year": null
    },
    {
      "domain": "A7",
      "id": "IND-A7-CAP-002",
      "is_complete_strict": false,
      "label": "Chinn-Ito Index",
      "missing_date": true,
      "missing_url": false,
      "missing_value": false,
      "notes": "Chinn-Ito KAOPEN index dataset; csv parse; source URL: snapshot:C:/Users/Melek/Documents/Sinerga-Optima/13 - Lattice Labs/Clarum/08 - Operations/fill_runner/adapters/snapshots/kaopen_2023_export.csv; latest year 2023 for MYS.",
      "source_institution": "Chinn-Ito",
      "unit": "Score (-1.9 to 2.3)",
      "urls": [
        "snapshot:C:/Users/Melek/Documents/Sinerga-Optima/13 - Lattice Labs/Clarum/08 - Operations/fill_runner/adapters/snapshots/kaopen_2023_export.csv"
      ],
      "value": -0.17,
      "year": null
    },
    {
      "domain": "A7",
      "id": "IND-A7-CAP-003",
      "is_complete_strict": true,
      "label": "Inflation Rate (CPI)",
      "missing_date": false,
      "missing_url": false,
      "missing_value": false,
      "notes": "World Bank CPI inflation (annual %); year 2024.",
      "source_institution": "World Bank",
      "unit": "Percentage",
      "urls": [
        "https://api.worldbank.org/v2/country/MYS/indicator/FP.CPI.TOTL.ZG?format=json"
      ],
      "value": 1.834100204499,
      "year": null
    },
    {
      "domain": "A7",
      "id": "IND-A7-CAP-004",
      "is_complete_strict": true,
      "label": "Sovereign Credit Rating",
      "missing_date": false,
      "missing_url": false,
      "missing_value": false,
      "notes": "Proxy for sovereign credit risk using central government debt (% GDP); year 2023.",
      "source_institution": "World Bank",
      "unit": "Percent of GDP",
      "urls": [
        "https://api.worldbank.org/v2/country/MYS/indicator/GC.DOD.TOTL.GD.ZS?format=json"
      ],
      "value": 64.2816241956596,
      "year": null
    },
    {
      "domain": "A7",
      "id": "IND-A7-CAP-005",
      "is_complete_strict": true,
      "label": "Central Bank Transparency",
      "missing_date": false,
      "missing_url": false,
      "missing_value": false,
      "notes": "Proxy for central bank transparency using WGI Government Effectiveness; year 2023.",
      "source_institution": "World Bank (WGI)",
      "unit": "Score (-2.5 to 2.5)",
      "urls": [
        "https://api.worldbank.org/v2/country/MYS/indicator/GE.EST?format=json"
      ],
      "value": 0.875369668006897,
      "year": null
    },
    {
      "domain": "A8",
      "id": "IND-A8-ESG-001",
      "is_complete_strict": true,
      "label": "Corruption Perceptions Index",
      "missing_date": false,
      "missing_url": false,
      "missing_value": false,
      "notes": "cache-only fetch; candidate URL selected: https://raw.githubusercontent.com/datasets/corruption-perceptions-index/main/data/cpi.csv; matched by name; selected latest year 2015; parse=csv.",
      "source_institution": "Transparency International",
      "unit": "Score (0-100)",
      "urls": [
        "https://raw.githubusercontent.com/datasets/corruption-perceptions-index/main/data/cpi.csv"
      ],
      "value": 50.0,
      "year": null
    },
    {
      "domain": "A8",
      "id": "IND-A8-ESG-002",
      "is_complete_strict": true,
      "label": "Environmental Performance Index",
      "missing_date": false,
      "missing_url": false,
      "missing_value": false,
      "notes": "cache-only fetch; candidate URL selected: https://epi.yale.edu/downloads/epi2024results.csv; matched by iso3; selected latest year 2024 (url_hint); parse=csv; scale_0_1_to_100=false.",
      "source_institution": "Yale EPI",
      "unit": "Score (0-100)",
      "urls": [
        "https://epi.yale.edu/downloads/epi2024results.csv"
      ],
      "value": 41.0,
      "year": null
    },
    {
      "domain": "A8",
      "id": "IND-A8-ESG-003",
      "is_complete_strict": true,
      "label": "Labor Rights Index",
      "missing_date": false,
      "missing_url": false,
      "missing_value": false,
      "notes": "Proxy for labor rights using WGI Voice and Accountability (VA.EST); score=(va_est+2.5)/5*100; year 2023.",
      "source_institution": "World Bank (WGI)",
      "unit": "Score (0-100)",
      "urls": [
        "https://api.worldbank.org/v2/country/MYS/indicator/VA.EST?format=json"
      ],
      "value": 51.752,
      "year": null
    },
    {
      "domain": "A8",
      "id": "IND-A8-ESG-004",
      "is_complete_strict": true,
      "label": "Control of Corruption",
      "missing_date": false,
      "missing_url": false,
      "missing_value": false,
      "notes": "World Bank WGI Control of Corruption (estimate); year 2023.",
      "source_institution": "World Bank (WGI)",
      "unit": "Score (-2.5 to 2.5)",
      "urls": [
        "https://api.worldbank.org/v2/country/MYS/indicator/CC.EST?format=json"
      ],
      "value": 0.295621365308762,
      "year": null
    },
    {
      "domain": "A8",
      "id": "IND-A8-ESG-005",
      "is_complete_strict": true,
      "label": "Social License / Protest Risk",
      "missing_date": false,
      "missing_url": false,
      "missing_value": false,
      "notes": "Proxy for protest risk using intentional homicide rate per 100,000; year 2023. GDELT Events API returned 404 in Sprint 13.",
      "source_institution": "World Bank",
      "unit": "Per 100,000",
      "urls": [
        "https://api.worldbank.org/v2/country/MYS/indicator/VC.IHR.PSRC.P5?format=json"
      ],
      "value": 0.734492430713877,
      "year": null
    }
  ],
  "meta": {
    "case_id": "PD-MYS-SEMI-OSAT-EXPORT-001",
    "country": "Malaysia",
    "overlay": "Balanced",
    "sector": "SEMI",
    "slug": "pd-mys-semi-osat-export-001",
    "title": "Publish v0.1 - Malaysia - Semiconductor OSAT Export Hub (LRF-1)",
    "weight_profile": "WP-SEMI-OSAT-EXPORT-1.1"
  },
  "next_actions": [
    "Implement scoring once MV-EF completeness >= 75% for key domains.",
    "Sync fatal-missingness list automatically from rubric note."
  ],
  "scores": {
    "composite": {
      "reason": "scoring not computed in v1",
      "value": null
    },
    "domains": {
      "A1": {
        "cap": "high",
        "missing_pct": 0.0,
        "reason": "scoring not computed in v1",
        "value": null
      },
      "A2": {
        "cap": "high",
        "missing_pct": 0.0,
        "reason": "scoring not computed in v1",
        "value": null
      },
      "A3": {
        "cap": "high",
        "missing_pct": 0.0,
        "reason": "scoring not computed in v1",
        "value": null
      },
      "A4": {
        "cap": "high",
        "missing_pct": 0.0,
        "reason": "scoring not computed in v1",
        "value": null
      },
      "A5": {
        "cap": "high",
        "missing_pct": 0.0,
        "reason": "scoring not computed in v1",
        "value": null
      },
      "A6": {
        "cap": "high",
        "missing_pct": 0.0,
        "reason": "scoring not computed in v1",
        "value": null
      },
      "A7": {
        "cap": "high",
        "missing_pct": 20.0,
        "reason": "scoring not computed in v1",
        "value": null
      },
      "A8": {
        "cap": "high",
        "missing_pct": 0.0,
        "reason": "scoring not computed in v1",
        "value": null
      }
    }
  },
  "warnings": [
    "Fatal-missingness list is provisional; sync from rubric in v1.1.",
    "Tier B evidence present; per-indicator confidence capped to 0.60."
  ]
}
