{
  "completeness": {
    "by_domain": {
      "A1": 100.0,
      "A2": 100.0,
      "A3": 100.0,
      "A4": 100.0,
      "A5": 100.0,
      "A6": 100.0,
      "A7": 80.0,
      "A8": 100.0
    },
    "domain_breakdown": {
      "A1": {
        "complete": 2,
        "in_scope": 2,
        "pct": 100.0
      },
      "A2": {
        "complete": 5,
        "in_scope": 5,
        "pct": 100.0
      },
      "A3": {
        "complete": 0,
        "in_scope": 0,
        "pct": 0.0
      },
      "A4": {
        "complete": 6,
        "in_scope": 6,
        "pct": 100.0
      },
      "A5": {
        "complete": 1,
        "in_scope": 1,
        "pct": 100.0
      },
      "A6": {
        "complete": 1,
        "in_scope": 1,
        "pct": 100.0
      },
      "A7": {
        "complete": 0,
        "in_scope": 0,
        "pct": 0.0
      },
      "A8": {
        "complete": 0,
        "in_scope": 0,
        "pct": 0.0
      }
    },
    "overall_pct": 97.5,
    "profile_weighted_pct": 100.0,
    "weights_used": {
      "A1": 0.13333333333333333,
      "A2": 0.26666666666666666,
      "A4": 0.26666666666666666,
      "A5": 0.19999999999999998,
      "A6": 0.13333333333333333
    }
  },
  "confidence": {
    "by_domain_cap": {
      "A1": "high",
      "A2": "high",
      "A3": "high",
      "A4": "high",
      "A5": "high",
      "A6": "high",
      "A7": "high",
      "A8": "high"
    },
    "overall_cap": "high",
    "reasons": []
  },
  "evidence_refs": [
    "EV-2026-001",
    "EV-2026-002",
    "EV-2026-007",
    "EV-2026-008",
    "EV-2026-011",
    "EV-2026-012",
    "EV-2026-016",
    "EV-2026-017",
    "EV-2026-020",
    "EV-2026-023",
    "EV-2026-024",
    "EV-2026-025",
    "EV-2026-026",
    "EV-2026-027",
    "EV-2026-028",
    "EV-2026-029",
    "EV-2026-030",
    "EV-2026-031",
    "EV-2026-032"
  ],
  "flags": {
    "triggered": [
      {
        "id": "FLAG-TIERB-PRESENT",
        "indicator_ids": [
          "IND-A1-REG-005",
          "IND-A1-REG-006",
          "IND-A3-POL-002",
          "IND-A3-POL-003",
          "IND-A3-POL-004",
          "IND-A3-POL-005",
          "IND-A5-SUP-002",
          "IND-A5-SUP-003",
          "IND-A5-SUP-004",
          "IND-A5-SUP-005",
          "IND-A6-LAB-003",
          "IND-A6-LAB-004",
          "IND-A6-LAB-005",
          "IND-A7-CAP-001",
          "IND-A7-CAP-004",
          "IND-A7-CAP-005",
          "IND-A8-ESG-003",
          "IND-A8-ESG-005"
        ],
        "summary": "Tier B evidence present; confidence capped per indicator."
      }
    ],
    "watchlist": []
  },
  "indicators": [
    {
      "domain": "A1",
      "id": "IND-A1-REG-001",
      "is_complete_strict": true,
      "label": "Regulatory Quality Estimate",
      "missing_date": false,
      "missing_url": false,
      "missing_value": false,
      "notes": "World Bank WGI Regulatory Quality (estimate). Latest non-null 2023 value -0.171988308429718. WGI estimates typically range -2.5 to 2.5 (higher = stronger regulatory quality).",
      "source_institution": "World Bank (WGI)",
      "unit": "Score (-2.5 to 2.5)",
      "urls": [
        "https://api.worldbank.org/v2/country/MEX/indicator/RQ.EST?format=json"
      ],
      "value": -0.171988308429718,
      "year": null
    },
    {
      "domain": "A1",
      "id": "IND-A1-REG-002",
      "is_complete_strict": true,
      "label": "Rule of Law Estimate",
      "missing_date": false,
      "missing_url": false,
      "missing_value": false,
      "notes": "World Bank WGI Rule of Law (estimate). Latest non-null 2023 value -0.806393921375275. WGI estimates typically range -2.5 to 2.5 (higher = stronger rule of law).",
      "source_institution": "World Bank (WGI)",
      "unit": "Score (-2.5 to 2.5)",
      "urls": [
        "https://api.worldbank.org/v2/country/MEX/indicator/RL.EST?format=json"
      ],
      "value": -0.806393921375275,
      "year": null
    },
    {
      "domain": "A1",
      "id": "IND-A1-REG-003",
      "is_complete_strict": true,
      "label": "Contract Enforcement Efficiency",
      "missing_date": false,
      "missing_url": false,
      "missing_value": false,
      "notes": "World Bank Doing Business; enforcing contracts time and cost. Latest available year 2019.",
      "source_institution": "World Bank (Doing Business)",
      "unit": "Days / % of claim",
      "urls": [
        "https://api.worldbank.org/v2/country/MEX/indicator/ENF.CONT.DURS.DY?format=json",
        "https://api.worldbank.org/v2/country/MEX/indicator/ENF.CONT.COEN.COST.ZS?format=json"
      ],
      "value": "Time (days): 340.65; Cost (% of claim): 33",
      "year": null
    },
    {
      "domain": "A1",
      "id": "IND-A1-REG-004",
      "is_complete_strict": true,
      "label": "Permitting Complexity Index",
      "missing_date": false,
      "missing_url": false,
      "missing_value": false,
      "notes": "World Bank Doing Business; construction permits procedures and time. Latest available year 2019.",
      "source_institution": "World Bank (Doing Business)",
      "unit": "Number of procedures / Days",
      "urls": [
        "https://api.worldbank.org/v2/country/MEX/indicator/IC.CNST.PRMT.PROC.NO?format=json",
        "https://api.worldbank.org/v2/country/MEX/indicator/IC.CNST.PRMT.TM.DY?format=json"
      ],
      "value": "Procedures: 14.66; Time (days): 82.12",
      "year": null
    },
    {
      "domain": "A1",
      "id": "IND-A1-REG-005",
      "is_complete_strict": true,
      "label": "Regulatory Burden Perception",
      "missing_date": false,
      "missing_url": false,
      "missing_value": false,
      "notes": "Enterprise Surveys: % firms identifying business licensing and permits as a major constraint; year 2010. Proxy for regulatory burden perception.",
      "source_institution": "World Bank Enterprise Surveys",
      "unit": "Percent of firms",
      "urls": [
        "https://api.worldbank.org/v2/country/MEX/indicator/IC.FRM.REG.BUS5?format=json"
      ],
      "value": 28.0,
      "year": null
    },
    {
      "domain": "A1",
      "id": "IND-A1-REG-006",
      "is_complete_strict": true,
      "label": "Policy Instability Concern",
      "missing_date": false,
      "missing_url": false,
      "missing_value": false,
      "notes": "Enterprise Surveys: % firms naming political instability as biggest obstacle; year 2010. Proxy for policy instability concern.",
      "source_institution": "World Bank Enterprise Surveys",
      "unit": "Percent of firms",
      "urls": [
        "https://api.worldbank.org/v2/country/MEX/indicator/IC.FRM.OBS.OBST11?format=json"
      ],
      "value": 5.2,
      "year": null
    },
    {
      "domain": "A2",
      "id": "IND-A2-GEO-001",
      "is_complete_strict": true,
      "label": "Trade Openness Index",
      "missing_date": false,
      "missing_url": false,
      "missing_value": false,
      "notes": "World Bank API; indicator NE.TRD.GNFS.ZS; year 2024.",
      "source_institution": "World Bank / WTO",
      "unit": "Percentage",
      "urls": [
        "https://api.worldbank.org/v2/country/MEX/indicator/NE.TRD.GNFS.ZS?format=json"
      ],
      "value": 7.5889,
      "year": null
    },
    {
      "domain": "A2",
      "id": "IND-A2-GEO-002",
      "is_complete_strict": true,
      "label": "Sanctions Alignment Risk",
      "missing_date": false,
      "missing_url": false,
      "missing_value": false,
      "notes": "No broad country-level sanctions targeting Mexico identified; compliance focuses on screening designated persons/entities under UN/UK/US lists. Decision support, not legal advice.",
      "source_institution": "United Nations Security Council; UK FCDO; US Treasury OFAC",
      "unit": "ordinal_0_2",
      "urls": [
        "https://main.un.org/securitycouncil/content/un-sc-consolidated-list",
        "https://www.gov.uk/government/publications/the-uk-sanctions-list",
        "https://ofac.treasury.gov/sanctions-list-service"
      ],
      "value": 0,
      "year": null
    },
    {
      "domain": "A2",
      "id": "IND-A2-GEO-003",
      "is_complete_strict": true,
      "label": "Geopolitical Alignment (Bloc)",
      "missing_date": false,
      "missing_url": false,
      "missing_value": false,
      "notes": "US EAR applies to US-origin items and reexports; USMCA supply chains require export control classification and licensing checks. Decision support, not legal advice.",
      "source_institution": "US BIS",
      "unit": "ordinal_0_2",
      "urls": [
        "https://www.bis.gov/regulations/ear",
        "https://www.bis.gov/licensing/country-guidance"
      ],
      "value": 1,
      "year": null
    },
    {
      "domain": "A2",
      "id": "IND-A2-GEO-004",
      "is_complete_strict": true,
      "label": "Conflict Intensity Index",
      "missing_date": false,
      "missing_url": false,
      "missing_value": false,
      "notes": "World Bank WGI PV.EST (Political Stability and Absence of Violence/Terrorism). Latest non-null 2023 value -0.630761027336121. Proxy mapping: conflict_intensity_score = clamp01((-PV + 2.5) / 5.0) * 10 = 6.26 (higher = higher conflict intensity risk).",
      "source_institution": "World Bank",
      "unit": "Score (0-10)",
      "urls": [
        "https://api.worldbank.org/v2/country/MEX/indicator/PV.EST?format=json"
      ],
      "value": 6.26,
      "year": null
    },
    {
      "domain": "A2",
      "id": "IND-A2-GEO-005",
      "is_complete_strict": true,
      "label": "High-Tech Export Restrictions",
      "missing_date": false,
      "missing_url": false,
      "missing_value": false,
      "notes": "Supplement No. 1 to 15 CFR Part 740 (eCFR) lists Mexico in Country Group A:1, A:3, A:4, A:6 and Country Group B; not listed in Country Groups D or E. Mapping: ordinal_0_2 where 0 = not in any D or E group, 1 = in D group(s) only, 2 = in E group(s). Decision support only; not legal advice.",
      "source_institution": "US BIS (eCFR)",
      "unit": "ordinal_0_2",
      "urls": [
        "https://www.ecfr.gov/current/title-15/subtitle-B/chapter-VII/subchapter-C/part-740"
      ],
      "value": 0,
      "year": null
    },
    {
      "domain": "A3",
      "id": "IND-A3-POL-001",
      "is_complete_strict": true,
      "label": "FDI Restrictiveness Index",
      "missing_date": false,
      "missing_url": false,
      "missing_value": false,
      "notes": "OECD FDI Regulatory Restrictiveness Index (Total FDI Index, all restrictions); value 0.147 for 2023 from OECD Going Digital export.",
      "source_institution": "OECD",
      "unit": "Score (0-1, 0=open)",
      "urls": [
        "https://goingdigital.oecd.org/en/indicator/74",
        "https://goingdigital.oecd.org/api/indicator/74/export?locale=en&s=%7B%22perspectives%22%3A%7B%22sector%22%3A%2243%22%2C%22stacked%22%3Atrue%2C%22symbols%22%3A%5B%5D%2C%22restype%22%3A%22V%22%7D%2C%22countries%22%3A%7B%22highlights%22%3A%5B%5D%2C%22highlightModeExclusive%22%3Afalse%7D%2C%22time%22%3A%7B%22timeseries%22%3Afalse%2C%22start%22%3A2018%2C%22end%22%3A2023%7D%7D&format=zip"
      ],
      "value": 0.147,
      "year": null
    },
    {
      "domain": "A3",
      "id": "IND-A3-POL-002",
      "is_complete_strict": true,
      "label": "Gov't Support for Tech",
      "missing_date": false,
      "missing_url": false,
      "missing_value": false,
      "notes": "Tier-B proxy for gov support for tech: ITU ICT Development Index (IDI) overall score (IDI 2023 dataset; scores reflect indicator values year 2021).",
      "source_institution": "ITU",
      "unit": "Score (1-7)",
      "urls": [
        "https://www.itu.int/en/ITU-D/Statistics/Documents/IDI/IDI2023Dataset.xlsx"
      ],
      "value": 78.0,
      "year": null
    },
    {
      "domain": "A3",
      "id": "IND-A3-POL-003",
      "is_complete_strict": true,
      "label": "Local Content Requirements",
      "missing_date": false,
      "missing_url": false,
      "missing_value": false,
      "notes": "2025 Investment Climate Statement notes no forced localization policy; binary set to 0 (no LCR requirement).",
      "source_institution": "US Department of State",
      "unit": "Binary / Severity Scale",
      "urls": [
        "https://www.state.gov/reports/2025-investment-climate-statements/mexico"
      ],
      "value": 0,
      "year": null
    },
    {
      "domain": "A3",
      "id": "IND-A3-POL-004",
      "is_complete_strict": true,
      "label": "SOE Prevalence",
      "missing_date": false,
      "missing_url": false,
      "missing_value": false,
      "notes": "OECD PMR economy-wide indicators (2023-2024); proxy uses 'Distortions Induced by Public Ownership' for 2023.",
      "source_institution": "OECD",
      "unit": "Score/Index",
      "urls": [
        "https://www.oecd.org/content/dam/oecd/en/topics/policy-sub-issues/product-market-regulation/OECD-PMR-Economy-wide-indicator-values_2023-2024.xlsx"
      ],
      "value": 3.341362714767456,
      "year": null
    },
    {
      "domain": "A3",
      "id": "IND-A3-POL-005",
      "is_complete_strict": true,
      "label": "Strategic Sector Designation",
      "missing_date": false,
      "missing_url": false,
      "missing_value": false,
      "notes": "2025 Investment Climate Statement lists sectors reserved for the state (e.g., hydrocarbons, electric system, lithium); strategic sector designation present. Binary set to 1 (yes).",
      "source_institution": "US Department of State",
      "unit": "Binary (Yes/No)",
      "urls": [
        "https://www.state.gov/reports/2025-investment-climate-statements/mexico"
      ],
      "value": 1,
      "year": null
    },
    {
      "domain": "A4",
      "id": "IND-A4-INF-001",
      "is_complete_strict": true,
      "label": "LPI - Logistics Performance Index",
      "missing_date": false,
      "missing_url": false,
      "missing_value": false,
      "notes": "World Bank API; indicator LP.LPI.OVRL.XQ; year 2022.",
      "source_institution": "World Bank",
      "unit": "Index (50=neutral)",
      "urls": [
        "https://api.worldbank.org/v2/country/MEX/indicator/LP.LPI.OVRL.XQ?format=json"
      ],
      "value": 2.9,
      "year": null
    },
    {
      "domain": "A4",
      "id": "IND-A4-INF-002",
      "is_complete_strict": true,
      "label": "Quality of Electricity Supply",
      "missing_date": false,
      "missing_url": false,
      "missing_value": false,
      "notes": "World Bank API; indicator EG.ELC.LOSS.ZS (electric power transmission and distribution losses % of output); year 2023.",
      "source_institution": "World Bank",
      "unit": "Percentage",
      "urls": [
        "https://api.worldbank.org/v2/country/MEX/indicator/EG.ELC.LOSS.ZS?format=json"
      ],
      "value": 11.0884699399165,
      "year": null
    },
    {
      "domain": "A4",
      "id": "IND-A4-INF-003",
      "is_complete_strict": true,
      "label": "Industrial Electricity Price Volatility",
      "missing_date": false,
      "missing_url": false,
      "missing_value": false,
      "notes": "World Bank API; indicator EG.ELC.LOSS.ZS (electric power transmission and distribution losses % of output). 3-year volatility proxy uses CV = std/mean of latest values (2023=11.0885, 2022=11.8701, 2021=12.5189); mean=11.8259, std=0.5848, CV=0.0495. Proxy caveat: loss variability \u2260 industrial electricity price volatility.",
      "source_institution": "World Bank",
      "unit": "CV (3y, ratio)",
      "urls": [
        "https://api.worldbank.org/v2/country/MEX/indicator/EG.ELC.LOSS.ZS?format=json"
      ],
      "value": 0.0495,
      "year": null
    },
    {
      "domain": "A4",
      "id": "IND-A4-INF-004",
      "is_complete_strict": true,
      "label": "Port Efficiency / Dwell Time",
      "missing_date": false,
      "missing_url": false,
      "missing_value": false,
      "notes": "Tier-A proxy: Enterprise Surveys average time to clear exports through customs (IC.CUS.DURS.EX). Latest non-null value 2023 = 20.54934502 days. Proxy for port/dwell time efficiency; not a direct port dwell measure.",
      "source_institution": "World Bank",
      "unit": "Days",
      "urls": [
        "https://api.worldbank.org/v2/country/MEX/indicator/IC.CUS.DURS.EX?format=json"
      ],
      "value": 20.5493,
      "year": null
    },
    {
      "domain": "A4",
      "id": "IND-A4-INF-005",
      "is_complete_strict": true,
      "label": "Industrial Internet Quality",
      "missing_date": false,
      "missing_url": false,
      "missing_value": false,
      "notes": "World Bank API; indicator IT.NET.BBND.P2 (fixed broadband subscriptions per 100 people); year 2023.",
      "source_institution": "World Bank",
      "unit": "Per 100 people",
      "urls": [
        "https://api.worldbank.org/v2/country/MEX/indicator/IT.NET.BBND.P2?format=json"
      ],
      "value": 20.0882,
      "year": null
    },
    {
      "domain": "A4",
      "id": "IND-A4-INF-006",
      "is_complete_strict": true,
      "label": "Industrial Land Availability",
      "missing_date": false,
      "missing_url": false,
      "missing_value": false,
      "notes": "Tier-A proxy: Enterprise Surveys time required to obtain an operating license (IC.FRM.DURS). Latest non-null value 2023 = 18.03323746 days. Proxy for industrial land/operational setup friction; lower days implies better availability.",
      "source_institution": "World Bank",
      "unit": "Score / Days",
      "urls": [
        "https://api.worldbank.org/v2/country/MEX/indicator/IC.FRM.DURS?format=json"
      ],
      "value": 18.0332,
      "year": null
    },
    {
      "domain": "A5",
      "id": "IND-A5-SUP-001",
      "is_complete_strict": true,
      "label": "Export Concentration Index",
      "missing_date": false,
      "missing_url": false,
      "missing_value": false,
      "notes": "Proxy for export concentration: WITS TradeStats HH market concentration index (HH-MKT-CNCNTRTN-NDX), latest available year 2023. UI: https://wits.worldbank.org/CountryProfile/en/country/by-country/startyear/ltst/endyear/ltst/indicator/HH-MKT-CNCNTRTN-NDX",
      "source_institution": "WITS (World Bank)",
      "unit": "Score (0-1)",
      "urls": [
        "https://wits.worldbank.org/API/V1/SDMX/V21/datasource/tradestats-trade/reporter/MEX/year/2023/indicator/HH-MKT-CNCNTRTN-NDX?format=JSON"
      ],
      "value": 0.569704735426,
      "year": null
    },
    {
      "domain": "A5",
      "id": "IND-A5-SUP-002",
      "is_complete_strict": true,
      "label": "Manufacturing Value Added",
      "missing_date": false,
      "missing_url": false,
      "missing_value": false,
      "notes": "World Bank API; indicator NV.IND.MANF.ZS (manufacturing value added % of GDP); year 2024.",
      "source_institution": "World Bank",
      "unit": "Percentage",
      "urls": [
        "https://api.worldbank.org/v2/country/MEX/indicator/NV.IND.MANF.ZS?format=json"
      ],
      "value": 19.8017537671375,
      "year": null
    },
    {
      "domain": "A5",
      "id": "IND-A5-SUP-003",
      "is_complete_strict": true,
      "label": "Critical Raw Material Production",
      "missing_date": false,
      "missing_url": false,
      "missing_value": false,
      "notes": "Proxy for critical raw material production: mineral rents (% GDP); year 2021.",
      "source_institution": "World Bank",
      "unit": "Percent of GDP",
      "urls": [
        "https://api.worldbank.org/v2/country/MEX/indicator/NY.GDP.MINR.RT.ZS?format=json"
      ],
      "value": 1.36465937318187,
      "year": null
    },
    {
      "domain": "A5",
      "id": "IND-A5-SUP-004",
      "is_complete_strict": true,
      "label": "Quality Certification Density",
      "missing_date": false,
      "missing_url": false,
      "missing_value": false,
      "notes": "Enterprise Surveys: % firms with internationally recognized quality certification; year 2010. Proxy for quality certification density.",
      "source_institution": "World Bank Enterprise Surveys",
      "unit": "Percent of firms",
      "urls": [
        "https://api.worldbank.org/v2/country/MEX/indicator/IC.FRM.INNOV.T1?format=json"
      ],
      "value": 24.0,
      "year": null
    },
    {
      "domain": "A5",
      "id": "IND-A5-SUP-005",
      "is_complete_strict": true,
      "label": "Supplier Delivery Time",
      "missing_date": false,
      "missing_url": false,
      "missing_value": false,
      "notes": "Proxy for supplier delivery performance using LPI Timeliness (0-5); year 2022. LPI scaled to 0-100 via *20; proxy uses LP.LPI.LOGS.XQ due to series availability.",
      "source_institution": "World Bank",
      "unit": "Index (50=neutral)",
      "urls": [
        "https://api.worldbank.org/v2/country/MEX/indicator/LP.LPI.LOGS.XQ?format=json"
      ],
      "value": 60.0,
      "year": null
    },
    {
      "domain": "A6",
      "id": "IND-A6-LAB-001",
      "is_complete_strict": true,
      "label": "Human Capital Index",
      "missing_date": false,
      "missing_url": false,
      "missing_value": false,
      "notes": "World Bank API; indicator HD.HCI.OVRL (Human Capital Index); year 2020.",
      "source_institution": "World Bank",
      "unit": "Score (0-1)",
      "urls": [
        "https://api.worldbank.org/v2/country/MEX/indicator/HD.HCI.OVRL?format=json"
      ],
      "value": 0.612949848175049,
      "year": null
    },
    {
      "domain": "A6",
      "id": "IND-A6-LAB-002",
      "is_complete_strict": true,
      "label": "STEM Graduates",
      "missing_date": false,
      "missing_url": false,
      "missing_value": false,
      "notes": "World Bank API; Primary series SE.TER.GRAD.SCI.ZS missing; used SP.POP.SCIE.RD.P6. indicator SP.POP.SCIE.RD.P6 (tertiary graduates in science (fallback to researchers per million)); year 2023.",
      "source_institution": "World Bank",
      "unit": "Researchers per million people",
      "urls": [
        "https://api.worldbank.org/v2/country/MEX/indicator/SP.POP.SCIE.RD.P6?format=json"
      ],
      "value": 272.31856,
      "year": null
    },
    {
      "domain": "A6",
      "id": "IND-A6-LAB-003",
      "is_complete_strict": true,
      "label": "Labor Freedom / Flexibility",
      "missing_date": false,
      "missing_url": false,
      "missing_value": false,
      "notes": "Enterprise Surveys: % firms identifying labor regulations as major constraint; year 2010. Proxy for labor flexibility. Fraser/Heritage data unavailable in Sprint 13.",
      "source_institution": "World Bank Enterprise Surveys",
      "unit": "Percent of firms",
      "urls": [
        "https://api.worldbank.org/v2/country/MEX/indicator/IC.FRM.WRKF.WK9?format=json"
      ],
      "value": 16.3,
      "year": null
    },
    {
      "domain": "A6",
      "id": "IND-A6-LAB-004",
      "is_complete_strict": true,
      "label": "Strike / Labor Unrest Risk",
      "missing_date": false,
      "missing_url": false,
      "missing_value": false,
      "notes": "Proxy for labor unrest risk using unemployment rate; year 2024. GDELT Events API returned 404 in Sprint 13.",
      "source_institution": "World Bank",
      "unit": "Percentage",
      "urls": [
        "https://api.worldbank.org/v2/country/MEX/indicator/SL.UEM.TOTL.ZS?format=json"
      ],
      "value": 2.678,
      "year": null
    },
    {
      "domain": "A6",
      "id": "IND-A6-LAB-005",
      "is_complete_strict": true,
      "label": "Ease of Finding Skilled Employees",
      "missing_date": false,
      "missing_url": false,
      "missing_value": false,
      "notes": "Enterprise Surveys: % firms identifying inadequately educated workforce as major constraint; year 2010. Proxy for skilled labor availability.",
      "source_institution": "World Bank Enterprise Surveys",
      "unit": "Percent of firms",
      "urls": [
        "https://api.worldbank.org/v2/country/MEX/indicator/IC.FRM.WRKF.WK10?format=json"
      ],
      "value": 30.9,
      "year": null
    },
    {
      "domain": "A7",
      "id": "IND-A7-CAP-001",
      "is_complete_strict": true,
      "label": "Exchange Rate Volatility",
      "missing_date": false,
      "missing_url": false,
      "missing_value": false,
      "notes": "Proxy FX volatility from annual exchange rate series PA.NUS.FCRF. Computed log-return volatility over 2015-2024 and annualized; value in percent.",
      "source_institution": "World Bank",
      "unit": "Percent (annualized vol)",
      "urls": [
        "https://api.worldbank.org/v2/country/MEX/indicator/PA.NUS.FCRF?format=json"
      ],
      "value": 8.4299,
      "year": null
    },
    {
      "domain": "A7",
      "id": "IND-A7-CAP-002",
      "is_complete_strict": false,
      "label": "Chinn-Ito Index",
      "missing_date": true,
      "missing_url": false,
      "missing_value": false,
      "notes": "Chinn-Ito KAOPEN index dataset; csv parse; source URL: snapshot:C:/Users/Melek/Documents/Sinerga-Optima/13 - Lattice Labs/Clarum/08 - Operations/fill_runner/adapters/snapshots/kaopen_2023_export.csv; latest year 2023 for MEX.",
      "source_institution": "Chinn-Ito",
      "unit": "Score (-1.9 to 2.3)",
      "urls": [
        "snapshot:C:/Users/Melek/Documents/Sinerga-Optima/13 - Lattice Labs/Clarum/08 - Operations/fill_runner/adapters/snapshots/kaopen_2023_export.csv"
      ],
      "value": 1.02,
      "year": null
    },
    {
      "domain": "A7",
      "id": "IND-A7-CAP-003",
      "is_complete_strict": true,
      "label": "Inflation Rate (CPI)",
      "missing_date": false,
      "missing_url": false,
      "missing_value": false,
      "notes": "World Bank CPI inflation (annual %); year 2024.",
      "source_institution": "World Bank",
      "unit": "Percentage",
      "urls": [
        "https://api.worldbank.org/v2/country/MEX/indicator/FP.CPI.TOTL.ZG?format=json"
      ],
      "value": 4.72225588452932,
      "year": null
    },
    {
      "domain": "A7",
      "id": "IND-A7-CAP-004",
      "is_complete_strict": true,
      "label": "Sovereign Credit Rating",
      "missing_date": false,
      "missing_url": false,
      "missing_value": false,
      "notes": "Proxy for sovereign credit risk using central government debt (% GDP); year 2023.",
      "source_institution": "World Bank",
      "unit": "Percent of GDP",
      "urls": [
        "https://api.worldbank.org/v2/country/MEX/indicator/GC.DOD.TOTL.GD.ZS?format=json"
      ],
      "value": 45.0297603114434,
      "year": null
    },
    {
      "domain": "A7",
      "id": "IND-A7-CAP-005",
      "is_complete_strict": true,
      "label": "Central Bank Transparency",
      "missing_date": false,
      "missing_url": false,
      "missing_value": false,
      "notes": "Proxy for central bank transparency using WGI Government Effectiveness; year 2023.",
      "source_institution": "World Bank (WGI)",
      "unit": "Score (-2.5 to 2.5)",
      "urls": [
        "https://api.worldbank.org/v2/country/MEX/indicator/GE.EST?format=json"
      ],
      "value": -0.198361441493034,
      "year": null
    },
    {
      "domain": "A8",
      "id": "IND-A8-ESG-001",
      "is_complete_strict": true,
      "label": "Corruption Perceptions Index",
      "missing_date": false,
      "missing_url": false,
      "missing_value": false,
      "notes": "cache-only fetch; candidate URL selected: https://raw.githubusercontent.com/datasets/corruption-perceptions-index/main/data/cpi.csv; matched by name; selected latest year 2015; parse=csv.",
      "source_institution": "Transparency International",
      "unit": "Score (0-100)",
      "urls": [
        "https://raw.githubusercontent.com/datasets/corruption-perceptions-index/main/data/cpi.csv"
      ],
      "value": 35.0,
      "year": null
    },
    {
      "domain": "A8",
      "id": "IND-A8-ESG-002",
      "is_complete_strict": true,
      "label": "Environmental Performance Index",
      "missing_date": false,
      "missing_url": false,
      "missing_value": false,
      "notes": "cache-only fetch; candidate URL selected: https://epi.yale.edu/downloads/epi2024results.csv; matched by iso3; selected latest year 2024 (url_hint); parse=csv; scale_0_1_to_100=false.",
      "source_institution": "Yale EPI",
      "unit": "Score (0-100)",
      "urls": [
        "https://epi.yale.edu/downloads/epi2024results.csv"
      ],
      "value": 44.2,
      "year": null
    },
    {
      "domain": "A8",
      "id": "IND-A8-ESG-003",
      "is_complete_strict": true,
      "label": "Labor Rights Index",
      "missing_date": false,
      "missing_url": false,
      "missing_value": false,
      "notes": "Proxy for labor rights using WGI Voice and Accountability (VA.EST); score=(va_est+2.5)/5*100; year 2023.",
      "source_institution": "World Bank (WGI)",
      "unit": "Score (0-100)",
      "urls": [
        "https://api.worldbank.org/v2/country/MEX/indicator/VA.EST?format=json"
      ],
      "value": 47.698,
      "year": null
    },
    {
      "domain": "A8",
      "id": "IND-A8-ESG-004",
      "is_complete_strict": true,
      "label": "Control of Corruption",
      "missing_date": false,
      "missing_url": false,
      "missing_value": false,
      "notes": "World Bank WGI Control of Corruption (estimate); year 2023.",
      "source_institution": "World Bank (WGI)",
      "unit": "Score (-2.5 to 2.5)",
      "urls": [
        "https://api.worldbank.org/v2/country/MEX/indicator/CC.EST?format=json"
      ],
      "value": -1.02057874202728,
      "year": null
    },
    {
      "domain": "A8",
      "id": "IND-A8-ESG-005",
      "is_complete_strict": true,
      "label": "Social License / Protest Risk",
      "missing_date": false,
      "missing_url": false,
      "missing_value": false,
      "notes": "Proxy for protest risk using intentional homicide rate per 100,000; year 2023. GDELT Events API returned 404 in Sprint 13.",
      "source_institution": "World Bank",
      "unit": "Per 100,000",
      "urls": [
        "https://api.worldbank.org/v2/country/MEX/indicator/VC.IHR.PSRC.P5?format=json"
      ],
      "value": 24.8589948436701,
      "year": null
    }
  ],
  "meta": {
    "case_id": "PD-MEX-EV-OEM-EXPORT-001",
    "country": "Mexico",
    "overlay": "Balanced",
    "sector": "EV",
    "slug": "pd-mex-ev-oem-export-001",
    "title": "Publish v0.1 - Mexico - EV OEM Export Hub (USMCA) (LRF-1)",
    "weight_profile": "WP-EV-OEM-EXPORT-1.1"
  },
  "next_actions": [
    "Implement scoring once MV-EF completeness >= 75% for key domains.",
    "Sync fatal-missingness list automatically from rubric note."
  ],
  "scores": {
    "composite": {
      "reason": "scoring not computed in v1",
      "value": null
    },
    "domains": {
      "A1": {
        "cap": "high",
        "missing_pct": 0.0,
        "reason": "scoring not computed in v1",
        "value": null
      },
      "A2": {
        "cap": "high",
        "missing_pct": 0.0,
        "reason": "scoring not computed in v1",
        "value": null
      },
      "A3": {
        "cap": "high",
        "missing_pct": 0.0,
        "reason": "scoring not computed in v1",
        "value": null
      },
      "A4": {
        "cap": "high",
        "missing_pct": 0.0,
        "reason": "scoring not computed in v1",
        "value": null
      },
      "A5": {
        "cap": "high",
        "missing_pct": 0.0,
        "reason": "scoring not computed in v1",
        "value": null
      },
      "A6": {
        "cap": "high",
        "missing_pct": 0.0,
        "reason": "scoring not computed in v1",
        "value": null
      },
      "A7": {
        "cap": "high",
        "missing_pct": 20.0,
        "reason": "scoring not computed in v1",
        "value": null
      },
      "A8": {
        "cap": "high",
        "missing_pct": 0.0,
        "reason": "scoring not computed in v1",
        "value": null
      }
    }
  },
  "warnings": [
    "Fatal-missingness list is provisional; sync from rubric in v1.1.",
    "Tier B evidence present; per-indicator confidence capped to 0.60."
  ]
}
