{
  "completeness": {
    "by_domain": {
      "A1": 100.0,
      "A2": 100.0,
      "A3": 100.0,
      "A4": 100.0,
      "A5": 100.0,
      "A6": 100.0,
      "A7": 80.0,
      "A8": 100.0
    },
    "domain_breakdown": {
      "A1": {
        "complete": 0,
        "in_scope": 0,
        "pct": 0.0
      },
      "A2": {
        "complete": 0,
        "in_scope": 0,
        "pct": 0.0
      },
      "A3": {
        "complete": 5,
        "in_scope": 5,
        "pct": 100.0
      },
      "A4": {
        "complete": 0,
        "in_scope": 0,
        "pct": 0.0
      },
      "A5": {
        "complete": 0,
        "in_scope": 0,
        "pct": 0.0
      },
      "A6": {
        "complete": 0,
        "in_scope": 0,
        "pct": 0.0
      },
      "A7": {
        "complete": 0,
        "in_scope": 0,
        "pct": 0.0
      },
      "A8": {
        "complete": 0,
        "in_scope": 0,
        "pct": 0.0
      }
    },
    "overall_pct": 97.5,
    "profile_weighted_pct": 100.0,
    "weights_used": {
      "A3": 1.0
    }
  },
  "confidence": {
    "by_domain_cap": {
      "A1": "high",
      "A2": "high",
      "A3": "high",
      "A4": "high",
      "A5": "high",
      "A6": "high",
      "A7": "high",
      "A8": "high"
    },
    "overall_cap": "high",
    "reasons": []
  },
  "evidence_refs": [],
  "flags": {
    "triggered": [
      {
        "id": "FLAG-TIERB-PRESENT",
        "indicator_ids": [
          "IND-A1-REG-005",
          "IND-A1-REG-006",
          "IND-A3-POL-002",
          "IND-A3-POL-004",
          "IND-A5-SUP-003",
          "IND-A5-SUP-004",
          "IND-A5-SUP-005",
          "IND-A6-LAB-003",
          "IND-A6-LAB-004",
          "IND-A6-LAB-005",
          "IND-A7-CAP-001",
          "IND-A7-CAP-004",
          "IND-A7-CAP-005",
          "IND-A8-ESG-003",
          "IND-A8-ESG-005"
        ],
        "summary": "Tier B evidence present; confidence capped per indicator."
      }
    ],
    "watchlist": []
  },
  "indicators": [
    {
      "domain": "A1",
      "id": "IND-A1-REG-001",
      "is_complete_strict": true,
      "label": "Regulatory Quality Estimate",
      "missing_date": false,
      "missing_url": false,
      "missing_value": false,
      "notes": "cache-only fetch; candidate URL selected: https://api.worldbank.org/v2/country/HUN/indicator/RQ.EST?format=json; parse=json; matched by name; selected latest year 2023; wgi_measure=RQ.EST (Regulatory Quality (Estimate)).",
      "source_institution": "World Bank (WGI)",
      "unit": "Estimate (WGI scale)",
      "urls": [
        "https://api.worldbank.org/v2/country/HUN/indicator/RQ.EST?format=json"
      ],
      "value": 0.318309366703033,
      "year": null
    },
    {
      "domain": "A1",
      "id": "IND-A1-REG-002",
      "is_complete_strict": true,
      "label": "Rule of Law Estimate",
      "missing_date": false,
      "missing_url": false,
      "missing_value": false,
      "notes": "cache-only fetch; candidate URL selected: https://api.worldbank.org/v2/country/HUN/indicator/RL.EST?format=json; parse=json; matched by name; selected latest year 2023; wgi_measure=RL.EST (Rule of Law (Estimate)).",
      "source_institution": "World Bank (WGI)",
      "unit": "Estimate (WGI scale)",
      "urls": [
        "https://api.worldbank.org/v2/country/HUN/indicator/RL.EST?format=json"
      ],
      "value": 0.427084535360336,
      "year": null
    },
    {
      "domain": "A1",
      "id": "IND-A1-REG-003",
      "is_complete_strict": true,
      "label": "Contract Enforcement Efficiency",
      "missing_date": false,
      "missing_url": false,
      "missing_value": false,
      "notes": "World Bank Doing Business; enforcing contracts time and cost. Latest available year 2019.",
      "source_institution": "World Bank (Doing Business)",
      "unit": "Days / % of claim",
      "urls": [
        "https://api.worldbank.org/v2/country/HUN/indicator/ENF.CONT.DURS.DY?format=json",
        "https://api.worldbank.org/v2/country/HUN/indicator/ENF.CONT.COEN.COST.ZS?format=json"
      ],
      "value": "Time (days): 605; Cost (% of claim): 15",
      "year": null
    },
    {
      "domain": "A1",
      "id": "IND-A1-REG-004",
      "is_complete_strict": true,
      "label": "Permitting Complexity Index",
      "missing_date": false,
      "missing_url": false,
      "missing_value": false,
      "notes": "World Bank Doing Business; construction permits procedures and time. Latest available year 2019.",
      "source_institution": "World Bank (Doing Business)",
      "unit": "Number of procedures / Days",
      "urls": [
        "https://api.worldbank.org/v2/country/HUN/indicator/IC.CNST.PRMT.PROC.NO?format=json",
        "https://api.worldbank.org/v2/country/HUN/indicator/IC.CNST.PRMT.TM.DY?format=json"
      ],
      "value": "Procedures: 22; Time (days): 192.5",
      "year": null
    },
    {
      "domain": "A1",
      "id": "IND-A1-REG-005",
      "is_complete_strict": true,
      "label": "Regulatory Burden Perception",
      "missing_date": false,
      "missing_url": false,
      "missing_value": false,
      "notes": "Enterprise Surveys: % firms identifying business licensing and permits as a major constraint; year 2019. Proxy for regulatory burden perception.",
      "source_institution": "World Bank Enterprise Surveys",
      "unit": "Percent of firms",
      "urls": [
        "https://api.worldbank.org/v2/country/HUN/indicator/IC.FRM.REG.BUS5?format=json"
      ],
      "value": 2.7,
      "year": null
    },
    {
      "domain": "A1",
      "id": "IND-A1-REG-006",
      "is_complete_strict": true,
      "label": "Policy Instability Concern",
      "missing_date": false,
      "missing_url": false,
      "missing_value": false,
      "notes": "Enterprise Surveys: % firms naming political instability as biggest obstacle; year 2019. Proxy for policy instability concern.",
      "source_institution": "World Bank Enterprise Surveys",
      "unit": "Percent of firms",
      "urls": [
        "https://api.worldbank.org/v2/country/HUN/indicator/IC.FRM.OBS.OBST11?format=json"
      ],
      "value": 1.3,
      "year": null
    },
    {
      "domain": "A2",
      "id": "IND-A2-GEO-001",
      "is_complete_strict": true,
      "label": "Trade Openness Index",
      "missing_date": false,
      "missing_url": false,
      "missing_value": false,
      "notes": "World Bank API; indicator NE.TRD.GNFS.ZS; year 2024.",
      "source_institution": "World Bank / WTO",
      "unit": "Percentage",
      "urls": [
        "https://api.worldbank.org/v2/country/HU/indicator/NE.TRD.GNFS.ZS?format=json"
      ],
      "value": 46.5046,
      "year": null
    },
    {
      "domain": "A2",
      "id": "IND-A2-GEO-002",
      "is_complete_strict": true,
      "label": "Sanctions Alignment Risk",
      "missing_date": false,
      "missing_url": false,
      "missing_value": false,
      "notes": "No broad country-level sanctions targeting Hungary identified on EU/UN/US lists; standard designated-party screening still required. Decision support, not legal advice.",
      "source_institution": "European Union; United Nations Security Council; US Treasury OFAC",
      "unit": "ordinal_0_2",
      "urls": [
        "https://www.sanctionsmap.eu/",
        "https://main.un.org/securitycouncil/content/un-sc-consolidated-list",
        "https://ofac.treasury.gov/sanctions-list-service"
      ],
      "value": 0,
      "year": null
    },
    {
      "domain": "A2",
      "id": "IND-A2-GEO-003",
      "is_complete_strict": true,
      "label": "Geopolitical Alignment (Bloc)",
      "missing_date": false,
      "missing_url": false,
      "missing_value": false,
      "notes": "EU dual-use regulation applies to exports from the EU; US EAR can apply to US-origin components and reexports. Moderate compliance burden. Decision support, not legal advice.",
      "source_institution": "European Union / US BIS",
      "unit": "ordinal_0_2",
      "urls": [
        "https://eur-lex.europa.eu/eli/reg/2021/821/oj",
        "https://www.bis.gov/regulations/ear"
      ],
      "value": 1,
      "year": null
    },
    {
      "domain": "A2",
      "id": "IND-A2-GEO-004",
      "is_complete_strict": true,
      "label": "Conflict Intensity Index",
      "missing_date": false,
      "missing_url": false,
      "missing_value": false,
      "notes": "World Bank WGI PV.EST (Political Stability and Absence of Violence/Terrorism). Latest non-null 2023 value 0.731891810894012. Proxy mapping: conflict_intensity_score = clamp01((-PV + 2.5) / 5.0) * 10 = 3.54 (higher = higher conflict intensity risk).",
      "source_institution": "World Bank",
      "unit": "Score (0-10)",
      "urls": [
        "https://api.worldbank.org/v2/country/HUN/indicator/PV.EST?format=json"
      ],
      "value": 3.54,
      "year": null
    },
    {
      "domain": "A2",
      "id": "IND-A2-GEO-005",
      "is_complete_strict": true,
      "label": "High-Tech Export Restrictions",
      "missing_date": false,
      "missing_url": false,
      "missing_value": false,
      "notes": "Supplement No. 1 to 15 CFR Part 740 (eCFR) lists Hungary in Country Group A:1, A:2, A:3, A:4, A:5 and Country Group B; not listed in Country Groups D or E. Mapping: ordinal_0_2 where 0 = not in any D or E group, 1 = in D group(s) only, 2 = in E group(s). Decision support only; not legal advice.",
      "source_institution": "US BIS (eCFR)",
      "unit": "ordinal_0_2",
      "urls": [
        "https://www.ecfr.gov/current/title-15/subtitle-B/chapter-VII/subchapter-C/part-740"
      ],
      "value": 0,
      "year": null
    },
    {
      "domain": "A3",
      "id": "IND-A3-POL-001",
      "is_complete_strict": true,
      "label": "FDI Restrictiveness Index",
      "missing_date": false,
      "missing_url": false,
      "missing_value": false,
      "notes": "OECD FDI Regulatory Restrictiveness Index (Total FDI Index, all types of restrictions); value 0.024 for 2023 from OECD Going Digital export.",
      "source_institution": "OECD",
      "unit": "Score (0-1, 0=open)",
      "urls": [
        "https://goingdigital.oecd.org/en/indicator/74",
        "https://goingdigital.oecd.org/api/indicator/74/export?locale=en&s=%7B%22perspectives%22%3A%7B%22sector%22%3A%2243%22%2C%22stacked%22%3Atrue%2C%22symbols%22%3A%5B%5D%2C%22restype%22%3A%22V%22%7D%2C%22countries%22%3A%7B%22highlights%22%3A%5B%5D%2C%22highlightModeExclusive%22%3Afalse%7D%2C%22time%22%3A%7B%22timeseries%22%3Afalse%2C%22start%22%3A2018%2C%22end%22%3A2023%7D%7D&format=zip"
      ],
      "value": 0.024,
      "year": null
    },
    {
      "domain": "A3",
      "id": "IND-A3-POL-002",
      "is_complete_strict": true,
      "label": "Gov't Support for Tech",
      "missing_date": false,
      "missing_url": false,
      "missing_value": false,
      "notes": "Tier-B proxy for gov support for tech: ITU ICT Development Index (IDI) overall score (IDI 2023 dataset; scores reflect indicator values year 2021).",
      "source_institution": "ITU",
      "unit": "Score (1-7)",
      "urls": [
        "https://www.itu.int/en/ITU-D/Statistics/Documents/IDI/IDI2023Dataset.xlsx"
      ],
      "value": 86.8,
      "year": null
    },
    {
      "domain": "A3",
      "id": "IND-A3-POL-003",
      "is_complete_strict": true,
      "label": "Local Content Requirements",
      "missing_date": false,
      "missing_url": false,
      "missing_value": false,
      "notes": "2025 Investment Climate Statement notes no requirement that investors purchase from local sources; EU rule of origin applies. Binary set to 0 (no LCR).",
      "source_institution": "US Department of State",
      "unit": "Binary / Severity Scale",
      "urls": [
        "https://www.state.gov/reports/2025-investment-climate-statements/hungary"
      ],
      "value": 0,
      "year": null
    },
    {
      "domain": "A3",
      "id": "IND-A3-POL-004",
      "is_complete_strict": true,
      "label": "SOE Prevalence",
      "missing_date": false,
      "missing_url": false,
      "missing_value": false,
      "notes": "OECD PMR economy-wide indicators (2023-2024); proxy uses 'Distortions Induced by Public Ownership' for 2023.",
      "source_institution": "OECD",
      "unit": "Score/Index",
      "urls": [
        "https://www.oecd.org/content/dam/oecd/en/topics/policy-sub-issues/product-market-regulation/OECD-PMR-Economy-wide-indicator-values_2023-2024.xlsx"
      ],
      "value": 1.077410101890564,
      "year": null
    },
    {
      "domain": "A3",
      "id": "IND-A3-POL-005",
      "is_complete_strict": true,
      "label": "Strategic Sector Designation",
      "missing_date": false,
      "missing_url": false,
      "missing_value": false,
      "notes": "Act LVII of 2018 establishes foreign investment screening and notification for specified strategic activities; binary set to 1 (yes).",
      "source_institution": "National policy documents / UNCTAD",
      "unit": "Binary (Yes/No)",
      "urls": [
        "https://investmentpolicy.unctad.org/investment-laws/laws/533/hungary-act-lvii-of-2018-on-the-control-of-foreign-investments-detrimental-to-the-security-interests"
      ],
      "value": 1,
      "year": null
    },
    {
      "domain": "A4",
      "id": "IND-A4-INF-001",
      "is_complete_strict": true,
      "label": "LPI - Logistics Performance Index",
      "missing_date": false,
      "missing_url": false,
      "missing_value": false,
      "notes": "cache-only fetch; candidate URL selected: https://api.worldbank.org/v2/country/HUN/indicator/LP.LPI.OVRL.XQ?format=json; parse=json; matched by name; selected latest year 2022; series=LP.LPI.OVRL.XQ.",
      "source_institution": "World Bank (LPI)",
      "unit": "Score (LPI 1-5)",
      "urls": [
        "https://api.worldbank.org/v2/country/HUN/indicator/LP.LPI.OVRL.XQ?format=json"
      ],
      "value": 3.2,
      "year": null
    },
    {
      "domain": "A4",
      "id": "IND-A4-INF-002",
      "is_complete_strict": true,
      "label": "Quality of Electricity Supply",
      "missing_date": false,
      "missing_url": false,
      "missing_value": false,
      "notes": "World Bank API; indicator EG.ELC.LOSS.ZS (electric power transmission and distribution losses % of output); year 2023.",
      "source_institution": "World Bank",
      "unit": "Percentage",
      "urls": [
        "https://api.worldbank.org/v2/country/HUN/indicator/EG.ELC.LOSS.ZS?format=json"
      ],
      "value": 6.96581797721199,
      "year": null
    },
    {
      "domain": "A4",
      "id": "IND-A4-INF-003",
      "is_complete_strict": true,
      "label": "Industrial Electricity Price Volatility",
      "missing_date": false,
      "missing_url": false,
      "missing_value": false,
      "notes": "World Bank API; indicator EG.ELC.LOSS.ZS (electric power transmission and distribution losses % of output). 3-year volatility proxy uses CV = std/mean of latest values (2023=6.9658, 2022=7.7679, 2021=8.4496); mean=7.7278, std=0.6064, CV=0.0785. Proxy caveat: loss variability \u2260 industrial electricity price volatility.",
      "source_institution": "World Bank",
      "unit": "CV (3y, ratio)",
      "urls": [
        "https://api.worldbank.org/v2/country/HUN/indicator/EG.ELC.LOSS.ZS?format=json"
      ],
      "value": 0.0785,
      "year": null
    },
    {
      "domain": "A4",
      "id": "IND-A4-INF-004",
      "is_complete_strict": true,
      "label": "Port Efficiency / Dwell Time",
      "missing_date": false,
      "missing_url": false,
      "missing_value": false,
      "notes": "Tier-A proxy: Enterprise Surveys average time to clear exports through customs (IC.CUS.DURS.EX). Latest non-null value 2023 = 2.187804937 days. Proxy for port/dwell time efficiency; not a direct port dwell measure.",
      "source_institution": "World Bank",
      "unit": "Days",
      "urls": [
        "https://api.worldbank.org/v2/country/HUN/indicator/IC.CUS.DURS.EX?format=json"
      ],
      "value": 2.1878,
      "year": null
    },
    {
      "domain": "A4",
      "id": "IND-A4-INF-005",
      "is_complete_strict": true,
      "label": "Industrial Internet Quality",
      "missing_date": false,
      "missing_url": false,
      "missing_value": false,
      "notes": "World Bank API; indicator IT.NET.BBND.P2 (fixed broadband subscriptions per 100 people); year 2023.",
      "source_institution": "World Bank",
      "unit": "Per 100 people",
      "urls": [
        "https://api.worldbank.org/v2/country/HUN/indicator/IT.NET.BBND.P2?format=json"
      ],
      "value": 36.7902,
      "year": null
    },
    {
      "domain": "A4",
      "id": "IND-A4-INF-006",
      "is_complete_strict": true,
      "label": "Industrial Land Availability",
      "missing_date": false,
      "missing_url": false,
      "missing_value": false,
      "notes": "Tier-A proxy: Enterprise Surveys time required to obtain an operating license (IC.FRM.DURS). Latest non-null value 2023 = 32.47746277 days. Proxy for industrial land/operational setup friction; lower days implies better availability.",
      "source_institution": "World Bank",
      "unit": "Score / Days",
      "urls": [
        "https://api.worldbank.org/v2/country/HUN/indicator/IC.FRM.DURS?format=json"
      ],
      "value": 32.4775,
      "year": null
    },
    {
      "domain": "A5",
      "id": "IND-A5-SUP-001",
      "is_complete_strict": true,
      "label": "Export Concentration Index",
      "missing_date": false,
      "missing_url": false,
      "missing_value": false,
      "notes": "Proxy for export concentration: WITS TradeStats HH market concentration index (HH-MKT-CNCNTRTN-NDX), latest available year 2023. UI: https://wits.worldbank.org/CountryProfile/en/country/by-country/startyear/ltst/endyear/ltst/indicator/HH-MKT-CNCNTRTN-NDX",
      "source_institution": "WITS (World Bank)",
      "unit": "Score (0-1)",
      "urls": [
        "https://wits.worldbank.org/API/V1/SDMX/V21/datasource/tradestats-trade/reporter/HUN/year/2023/indicator/HH-MKT-CNCNTRTN-NDX?format=JSON"
      ],
      "value": 0.086460992407,
      "year": null
    },
    {
      "domain": "A5",
      "id": "IND-A5-SUP-002",
      "is_complete_strict": true,
      "label": "Manufacturing Value Added",
      "missing_date": false,
      "missing_url": false,
      "missing_value": false,
      "notes": "World Bank API; indicator NV.IND.MANF.ZS (manufacturing value added % of GDP); year 2024.",
      "source_institution": "World Bank",
      "unit": "Percentage",
      "urls": [
        "https://api.worldbank.org/v2/country/HUN/indicator/NV.IND.MANF.ZS?format=json"
      ],
      "value": 15.8039940838573,
      "year": null
    },
    {
      "domain": "A5",
      "id": "IND-A5-SUP-003",
      "is_complete_strict": true,
      "label": "Critical Raw Material Production",
      "missing_date": false,
      "missing_url": false,
      "missing_value": false,
      "notes": "Proxy for critical raw material production: mineral rents (% GDP); year 2021.",
      "source_institution": "World Bank",
      "unit": "Percent of GDP",
      "urls": [
        "https://api.worldbank.org/v2/country/HUN/indicator/NY.GDP.MINR.RT.ZS?format=json"
      ],
      "value": 0.0,
      "year": null
    },
    {
      "domain": "A5",
      "id": "IND-A5-SUP-004",
      "is_complete_strict": true,
      "label": "Quality Certification Density",
      "missing_date": false,
      "missing_url": false,
      "missing_value": false,
      "notes": "Enterprise Surveys: % firms with internationally recognized quality certification; year 2019. Proxy for quality certification density.",
      "source_institution": "World Bank Enterprise Surveys",
      "unit": "Percent of firms",
      "urls": [
        "https://api.worldbank.org/v2/country/HUN/indicator/IC.FRM.INNOV.T1?format=json"
      ],
      "value": 28.3,
      "year": null
    },
    {
      "domain": "A5",
      "id": "IND-A5-SUP-005",
      "is_complete_strict": true,
      "label": "Supplier Delivery Time",
      "missing_date": false,
      "missing_url": false,
      "missing_value": false,
      "notes": "Proxy for supplier delivery performance using LPI Timeliness (0-5); year 2022. LPI scaled to 0-100 via *20; proxy uses LP.LPI.LOGS.XQ due to series availability.",
      "source_institution": "World Bank",
      "unit": "Index (50=neutral)",
      "urls": [
        "https://api.worldbank.org/v2/country/HUN/indicator/LP.LPI.LOGS.XQ?format=json"
      ],
      "value": 62.0,
      "year": null
    },
    {
      "domain": "A6",
      "id": "IND-A6-LAB-001",
      "is_complete_strict": true,
      "label": "Human Capital Index",
      "missing_date": false,
      "missing_url": false,
      "missing_value": false,
      "notes": "cache-only fetch; candidate URL selected: https://api.worldbank.org/v2/country/HUN/indicator/HD.HCI.OVRL?format=json; parse=json; matched by name; selected latest year 2020; series=HD.HCI.OVRL.",
      "source_institution": "World Bank (HCI)",
      "unit": "Index (0-1)",
      "urls": [
        "https://api.worldbank.org/v2/country/HUN/indicator/HD.HCI.OVRL?format=json"
      ],
      "value": 0.683087289333344,
      "year": null
    },
    {
      "domain": "A6",
      "id": "IND-A6-LAB-002",
      "is_complete_strict": true,
      "label": "STEM Graduates",
      "missing_date": false,
      "missing_url": false,
      "missing_value": false,
      "notes": "World Bank API; Primary series SE.TER.GRAD.SCI.ZS missing; used SP.POP.SCIE.RD.P6. indicator SP.POP.SCIE.RD.P6 (tertiary graduates in science (fallback to researchers per million)); year 2022.",
      "source_institution": "World Bank",
      "unit": "Researchers per million people",
      "urls": [
        "https://api.worldbank.org/v2/country/HUN/indicator/SP.POP.SCIE.RD.P6?format=json"
      ],
      "value": 4725.1504,
      "year": null
    },
    {
      "domain": "A6",
      "id": "IND-A6-LAB-003",
      "is_complete_strict": true,
      "label": "Labor Freedom / Flexibility",
      "missing_date": false,
      "missing_url": false,
      "missing_value": false,
      "notes": "Enterprise Surveys: % firms identifying labor regulations as major constraint; year 2019. Proxy for labor flexibility. Fraser/Heritage data unavailable in Sprint 13.",
      "source_institution": "World Bank Enterprise Surveys",
      "unit": "Percent of firms",
      "urls": [
        "https://api.worldbank.org/v2/country/HUN/indicator/IC.FRM.WRKF.WK9?format=json"
      ],
      "value": 4.2,
      "year": null
    },
    {
      "domain": "A6",
      "id": "IND-A6-LAB-004",
      "is_complete_strict": true,
      "label": "Strike / Labor Unrest Risk",
      "missing_date": false,
      "missing_url": false,
      "missing_value": false,
      "notes": "Proxy for labor unrest risk using unemployment rate; year 2024. GDELT Events API returned 404 in Sprint 13.",
      "source_institution": "World Bank",
      "unit": "Percentage",
      "urls": [
        "https://api.worldbank.org/v2/country/HUN/indicator/SL.UEM.TOTL.ZS?format=json"
      ],
      "value": 4.5,
      "year": null
    },
    {
      "domain": "A6",
      "id": "IND-A6-LAB-005",
      "is_complete_strict": true,
      "label": "Ease of Finding Skilled Employees",
      "missing_date": false,
      "missing_url": false,
      "missing_value": false,
      "notes": "Enterprise Surveys: % firms identifying inadequately educated workforce as major constraint; year 2019. Proxy for skilled labor availability.",
      "source_institution": "World Bank Enterprise Surveys",
      "unit": "Percent of firms",
      "urls": [
        "https://api.worldbank.org/v2/country/HUN/indicator/IC.FRM.WRKF.WK10?format=json"
      ],
      "value": 21.2,
      "year": null
    },
    {
      "domain": "A7",
      "id": "IND-A7-CAP-001",
      "is_complete_strict": true,
      "label": "Exchange Rate Volatility",
      "missing_date": false,
      "missing_url": false,
      "missing_value": false,
      "notes": "Proxy FX volatility from annual exchange rate series PA.NUS.FCRF. Computed log-return volatility over 2015-2024 and annualized; value in percent.",
      "source_institution": "World Bank",
      "unit": "Percent (annualized vol)",
      "urls": [
        "https://api.worldbank.org/v2/country/HUN/indicator/PA.NUS.FCRF?format=json"
      ],
      "value": 7.7862,
      "year": null
    },
    {
      "domain": "A7",
      "id": "IND-A7-CAP-002",
      "is_complete_strict": false,
      "label": "Chinn-Ito Index",
      "missing_date": true,
      "missing_url": false,
      "missing_value": false,
      "notes": "Chinn-Ito KAOPEN index dataset; csv parse; source URL: snapshot:C:/Users/Melek/Documents/Sinerga-Optima/13 - Lattice Labs/Clarum/08 - Operations/fill_runner/adapters/snapshots/kaopen_2023_export.csv; latest year 2023 for HUN.",
      "source_institution": "Chinn-Ito",
      "unit": "Score (-1.9 to 2.3)",
      "urls": [
        "snapshot:C:/Users/Melek/Documents/Sinerga-Optima/13 - Lattice Labs/Clarum/08 - Operations/fill_runner/adapters/snapshots/kaopen_2023_export.csv"
      ],
      "value": 2.28,
      "year": null
    },
    {
      "domain": "A7",
      "id": "IND-A7-CAP-003",
      "is_complete_strict": true,
      "label": "Inflation Rate (CPI)",
      "missing_date": false,
      "missing_url": false,
      "missing_value": false,
      "notes": "World Bank CPI inflation (annual %); year 2024.",
      "source_institution": "World Bank",
      "unit": "Percentage",
      "urls": [
        "https://api.worldbank.org/v2/country/HUN/indicator/FP.CPI.TOTL.ZG?format=json"
      ],
      "value": 3.70370370370369,
      "year": null
    },
    {
      "domain": "A7",
      "id": "IND-A7-CAP-004",
      "is_complete_strict": true,
      "label": "Sovereign Credit Rating",
      "missing_date": false,
      "missing_url": false,
      "missing_value": false,
      "notes": "Proxy for sovereign credit risk using central government debt (% GDP); year 2022.",
      "source_institution": "World Bank",
      "unit": "Percent of GDP",
      "urls": [
        "https://api.worldbank.org/v2/country/HUN/indicator/GC.DOD.TOTL.GD.ZS?format=json"
      ],
      "value": 75.527467420073,
      "year": null
    },
    {
      "domain": "A7",
      "id": "IND-A7-CAP-005",
      "is_complete_strict": true,
      "label": "Central Bank Transparency",
      "missing_date": false,
      "missing_url": false,
      "missing_value": false,
      "notes": "Proxy for central bank transparency using WGI Government Effectiveness; year 2023.",
      "source_institution": "World Bank (WGI)",
      "unit": "Score (-2.5 to 2.5)",
      "urls": [
        "https://api.worldbank.org/v2/country/HUN/indicator/GE.EST?format=json"
      ],
      "value": 0.372758895158768,
      "year": null
    },
    {
      "domain": "A8",
      "id": "IND-A8-ESG-001",
      "is_complete_strict": true,
      "label": "Corruption Perceptions Index",
      "missing_date": false,
      "missing_url": false,
      "missing_value": false,
      "notes": "cache-only fetch; candidate URL selected: https://raw.githubusercontent.com/datasets/corruption-perceptions-index/main/data/cpi.csv; matched by name; selected latest year 2015; parse=csv.",
      "source_institution": "Transparency International",
      "unit": "Score (0-100)",
      "urls": [
        "https://raw.githubusercontent.com/datasets/corruption-perceptions-index/main/data/cpi.csv"
      ],
      "value": 51.0,
      "year": null
    },
    {
      "domain": "A8",
      "id": "IND-A8-ESG-002",
      "is_complete_strict": true,
      "label": "Environmental Performance Index",
      "missing_date": false,
      "missing_url": false,
      "missing_value": false,
      "notes": "cache-only fetch; candidate URL selected: https://epi.yale.edu/downloads/epi2024results.csv; matched by iso3; selected latest year 2024 (url_hint); parse=csv; scale_0_1_to_100=false.",
      "source_institution": "Yale EPI",
      "unit": "Score (0-100)",
      "urls": [
        "https://epi.yale.edu/downloads/epi2024results.csv"
      ],
      "value": 59.8,
      "year": null
    },
    {
      "domain": "A8",
      "id": "IND-A8-ESG-003",
      "is_complete_strict": true,
      "label": "Labor Rights Index",
      "missing_date": false,
      "missing_url": false,
      "missing_value": false,
      "notes": "Proxy for labor rights using WGI Voice and Accountability (VA.EST); score=(va_est+2.5)/5*100; year 2023.",
      "source_institution": "World Bank (WGI)",
      "unit": "Score (0-100)",
      "urls": [
        "https://api.worldbank.org/v2/country/HUN/indicator/VA.EST?format=json"
      ],
      "value": 57.191,
      "year": null
    },
    {
      "domain": "A8",
      "id": "IND-A8-ESG-004",
      "is_complete_strict": true,
      "label": "Control of Corruption",
      "missing_date": false,
      "missing_url": false,
      "missing_value": false,
      "notes": "cache-only fetch; candidate URL selected: https://api.worldbank.org/v2/country/HUN/indicator/CC.EST?format=json; parse=json; matched by name; selected latest year 2023; wgi_measure=CC.EST (Control of Corruption (Estimate)).",
      "source_institution": "World Bank (WGI)",
      "unit": "Estimate (WGI scale)",
      "urls": [
        "https://api.worldbank.org/v2/country/HUN/indicator/CC.EST?format=json"
      ],
      "value": -0.000498130626510829,
      "year": null
    },
    {
      "domain": "A8",
      "id": "IND-A8-ESG-005",
      "is_complete_strict": true,
      "label": "Social License / Protest Risk",
      "missing_date": false,
      "missing_url": false,
      "missing_value": false,
      "notes": "Proxy for protest risk using intentional homicide rate per 100,000; year 2023. GDELT Events API returned 404 in Sprint 13.",
      "source_institution": "World Bank",
      "unit": "Per 100,000",
      "urls": [
        "https://api.worldbank.org/v2/country/HUN/indicator/VC.IHR.PSRC.P5?format=json"
      ],
      "value": 0.722657964901225,
      "year": null
    }
  ],
  "meta": {
    "case_id": "PD-HUN-EV-OEM-DOM-001",
    "country": "Hungary",
    "overlay": "Balanced",
    "sector": "EV",
    "slug": "pd-hun-ev-oem-dom-001",
    "title": "PD-HUN-EV-OEM-DOM-001",
    "weight_profile": "WP-EV-OEM-DOM-1.1"
  },
  "next_actions": [
    "Implement scoring once MV-EF completeness >= 75% for key domains.",
    "Sync fatal-missingness list automatically from rubric note."
  ],
  "scores": {
    "composite": {
      "reason": "scoring not computed in v1",
      "value": null
    },
    "domains": {
      "A1": {
        "cap": "high",
        "missing_pct": 0.0,
        "reason": "scoring not computed in v1",
        "value": null
      },
      "A2": {
        "cap": "high",
        "missing_pct": 0.0,
        "reason": "scoring not computed in v1",
        "value": null
      },
      "A3": {
        "cap": "high",
        "missing_pct": 0.0,
        "reason": "scoring not computed in v1",
        "value": null
      },
      "A4": {
        "cap": "high",
        "missing_pct": 0.0,
        "reason": "scoring not computed in v1",
        "value": null
      },
      "A5": {
        "cap": "high",
        "missing_pct": 0.0,
        "reason": "scoring not computed in v1",
        "value": null
      },
      "A6": {
        "cap": "high",
        "missing_pct": 0.0,
        "reason": "scoring not computed in v1",
        "value": null
      },
      "A7": {
        "cap": "high",
        "missing_pct": 20.0,
        "reason": "scoring not computed in v1",
        "value": null
      },
      "A8": {
        "cap": "high",
        "missing_pct": 0.0,
        "reason": "scoring not computed in v1",
        "value": null
      }
    }
  },
  "warnings": [
    "Fatal-missingness list is provisional; sync from rubric in v1.1.",
    "Tier B evidence present; per-indicator confidence capped to 0.60."
  ]
}
