{
  "timestamp_utc": "2026-02-12T15:07:00+00:00",
  "args": {"plans": ["x"], "strict": true, "allow_edits": false, "no_website": true, "no_vault": false},
  "vault": {"ran": true, "status": "PASS", "reason_codes": [], "release_gate": {"final_status": "PASS"}},
  "website": {"ran": false, "status": "SKIPPED", "reason_codes": [], "commands": []},
  "artifacts": {"runlog_path": "04 - Data & Ontology/Ontology/_machine/fixtures/runlogs_min/e2e_gate_2026-02-12_1007.txt", "summary_json_path": "04 - Data & Ontology/Ontology/_machine/fixtures/runlogs_min/e2e_gate_summary_2026-02-12_1007.json"},
  "final_status": "PASS"
}
