{
  "timestamp_utc": "2026-02-12T10:09:00+00:00",
  "config": {
    "plans": ["x"],
    "strict": true,
    "report_only": true,
    "allow_edits": false,
    "dry_run": false,
    "export_once": false,
    "prefer_incremental_export": false,
    "jobs": 1
  },
  "plans": [
    {
      "plan_path": "x",
      "report_only": true,
      "validate_status": "PASS",
      "apply_status": "PASS",
      "status": "PASS",
      "reason_codes": []
    }
  ],
  "strict_healthcheck": {
    "status": "PASS",
    "reason_codes": []
  },
  "execution": {
    "mode": "apply-sequential",
    "status": "PASS",
    "reason_codes": [],
    "packs_changed_count": 0
  },
  "protected": {
    "status": "PASS"
  },
  "site_export": {
    "build_status": "PASS",
    "validate_status": "PASS",
    "counts": {"reports": 6},
    "export_structure_hash": "hash"
  },
  "artifacts": {
    "runlog_path": "04 - Data & Ontology/Ontology/_machine/fixtures/runlogs_min/pipeline_2026-02-12_1009.txt",
    "summary_json_path": "04 - Data & Ontology/Ontology/_machine/fixtures/runlogs_min/pipeline_summary_2026-02-12_1009.json"
  },
  "final_status": "PASS"
}
