{
  "timestamp_utc": "2026-02-12T15:05:00+00:00",
  "plans": [{"plan_path": "x", "status": "FAIL", "reason_codes": ["validation_failed"], "report_only": true}],
  "strict_healthcheck": {"status": "PASS"},
  "execution": {"status": "FAIL"},
  "site_export": {"build_status": "SKIPPED", "validate_status": "SKIPPED", "counts": {}},
  "golden": {"enabled": true, "status": "SKIPPED", "reason_codes": []},
  "protected": {"status": "PASS", "reason_codes": [], "protected_files_changed_count": 0, "country_packs_changed_count": 0},
  "invariants": [{"name": "plans_valid", "status": "FAIL", "codes": ["validation_failed"]}],
  "runlogs": {"human_runlog": "04 - Data & Ontology/Ontology/_machine/fixtures/runlogs_min/regression_2026-02-12_1005.txt", "json_summary": "04 - Data & Ontology/Ontology/_machine/fixtures/runlogs_min/regression_summary_2026-02-12_1005.json"},
  "commands": [],
  "final_status": "FAIL"
}
