{
  "timestamp_utc": "2026-02-12T15:00:00+00:00",
  "plans": [{"plan_path": "x", "status": "PASS", "reason_codes": [], "report_only": true}],
  "strict_healthcheck": {"status": "PASS"},
  "execution": {"status": "PASS"},
  "site_export": {"build_status": "PASS", "validate_status": "PASS", "counts": {"reports": 6, "payloads": 6}},
  "golden": {"enabled": true, "status": "PASS", "reason_codes": [], "export_structure_hash": "h1", "golden_structure_hash": "h1"},
  "protected": {"status": "PASS", "reason_codes": [], "protected_files_changed_count": 0, "country_packs_changed_count": 0},
  "invariants": [{"name": "plans_valid", "status": "PASS", "codes": []}],
  "runlogs": {"human_runlog": "04 - Data & Ontology/Ontology/_machine/fixtures/runlogs_min/regression_2026-02-12_1000.txt", "json_summary": "04 - Data & Ontology/Ontology/_machine/fixtures/runlogs_min/regression_summary_2026-02-12_1000.json"},
  "commands": [],
  "final_status": "PASS"
}
