{
  "timestamp_utc": "2026-02-12T15:06:00+00:00",
  "plans": [{"plan_path": "x", "status": "PASS", "reason_codes": [], "report_only": true, "edits_allowed": false}],
  "prechecks": {"validate_plan": {"status": "PASS", "pass_count": 1, "fail_count": 0}, "strict_healthcheck": {"status": "PASS"}},
  "execution": {"ran_pipeline": true, "site_export_valid": true},
  "regression": {"ran": true, "status": "PASS", "reason_codes": []},
  "artifacts": {"runlog_path": "04 - Data & Ontology/Ontology/_machine/fixtures/runlogs_min/release_gate_2026-02-12_1006.txt", "json_summary_path": "04 - Data & Ontology/Ontology/_machine/fixtures/runlogs_min/release_gate_summary_2026-02-12_1006.json"},
  "final_status": "PASS"
}
