{
  "timestamp_utc": "2026-02-12T10:08:00+00:00",
  "doctor": {
    "ran": true,
    "status": "PASS",
    "reason_codes": []
  },
  "e2e": {
    "status": "PASS",
    "reason_codes": [],
    "summary_json_path": "04 - Data & Ontology/Ontology/_machine/runlogs/e2e_gate_summary_2026-02-12_1007.json"
  },
  "runlog_index": {
    "status": "PASS",
    "reason_codes": []
  },
  "proof_bundle": {
    "ran": true,
    "status": "PASS",
    "reason_codes": []
  },
  "artifacts": {
    "ship_runlog_path": "04 - Data & Ontology/Ontology/_machine/fixtures/runlogs_min/ship_gate_2026-02-12_1008.txt",
    "ship_summary_path": "04 - Data & Ontology/Ontology/_machine/fixtures/runlogs_min/ship_gate_summary_2026-02-12_1008.json"
  },
  "final_status": "PASS"
}
