{
  "version": "reason_codes.v1",
  "codes": [
    {
      "code": "apply_failed",
      "category": "execution",
      "meaning": "Plan apply/apply-batch command failed.",
      "what_to_check": "Inspect plan-specific apply runlog and fill_runner stderr.",
      "how_to_fix": "Fix plan/schema/input errors, then rerun validate-plan and apply."
    },
    {
      "code": "bun_not_found",
      "category": "website",
      "meaning": "Bun executable is unavailable for website phase.",
      "what_to_check": "Verify bun binary path and PATH resolution.",
      "how_to_fix": "Install bun or pass --bun-bin with a valid executable path."
    },
    {
      "code": "edits_refused",
      "category": "safety",
      "meaning": "A non-report-only plan was blocked because edits are not allowed.",
      "what_to_check": "Check plan updates/fills and current gate flags.",
      "how_to_fix": "Keep report-only, or rerun intentionally with --allow-edits."
    },
    {
      "code": "golden_disabled",
      "category": "golden",
      "meaning": "Golden checks were disabled for this run.",
      "what_to_check": "Confirm CLI flags and intended regression mode.",
      "how_to_fix": "Run with --golden for full contract enforcement."
    },
    {
      "code": "golden_mismatch_contract_hash",
      "category": "golden",
      "meaning": "Contract file hashes differ from golden baseline.",
      "what_to_check": "Review hash mismatches and changed contract files.",
      "how_to_fix": "Fix export contract drift, or refresh golden fixture explicitly."
    },
    {
      "code": "golden_mismatch_paths",
      "category": "golden",
      "meaning": "Contract path set differs from golden baseline.",
      "what_to_check": "Inspect missing/extra paths in mismatch details.",
      "how_to_fix": "Restore required files/paths or update golden fixture intentionally."
    },
    {
      "code": "golden_missing_required_key",
      "category": "golden",
      "meaning": "A required key is missing in contract JSON.",
      "what_to_check": "Check index/report/memo contract keys.",
      "how_to_fix": "Restore required key(s) in export artifact generation."
    },
    {
      "code": "golden_parse_error",
      "category": "golden",
      "meaning": "A contract file could not be parsed.",
      "what_to_check": "Validate JSON formatting and file encoding.",
      "how_to_fix": "Repair malformed files and rerun regression."
    },
    {
      "code": "golden_requested_but_regression_runner_missing",
      "category": "golden",
      "meaning": "Release gate requested golden checks but regression runner was unavailable.",
      "what_to_check": "Verify tools/run_regression.py exists.",
      "how_to_fix": "Restore regression runner or run without golden integration."
    },
    {
      "code": "invalid_website_root",
      "category": "website",
      "meaning": "Website root is missing required files or invalid.",
      "what_to_check": "Check website-root path and presence of package.json + bun.lock/bun.lockb.",
      "how_to_fix": "Pass a valid website repo path."
    },
    {
      "code": "missing_evidence_file",
      "category": "export_contract",
      "meaning": "An expected evidence file is missing.",
      "what_to_check": "Inspect evidence index and evidence markdown paths.",
      "how_to_fix": "Regenerate evidence outputs or fix evidence references."
    },
    {
      "code": "missing_evidence_ref_in_index",
      "category": "export_contract",
      "meaning": "A payload evidence reference is not represented in evidence index.",
      "what_to_check": "Compare payload evidence_refs with evidence_index.v1.json entries.",
      "how_to_fix": "Ensure evidence index includes all referenced evidence IDs."
    },
    {
      "code": "missing_memo_file",
      "category": "export_contract",
      "meaning": "A memo JSON/MD file referenced by report index is missing.",
      "what_to_check": "Inspect memo_json_path/memo_md_path entries and output directory.",
      "how_to_fix": "Regenerate memos or correct report index memo pointers."
    },
    {
      "code": "missing_release_gate_summary_marker",
      "category": "orchestration",
      "meaning": "e2e gate could not find release gate summary marker in output.",
      "what_to_check": "Check release_gate stdout/stderr and marker output.",
      "how_to_fix": "Fix release_gate invocation/output parsing."
    },
    {
      "code": "missing_required_payload_file",
      "category": "export_contract",
      "meaning": "Required payload file index/{id}.payload.v1.json is missing.",
      "what_to_check": "Inspect report index entries and payload output folder.",
      "how_to_fix": "Regenerate payloads for all report entries."
    },
    {
      "code": "payload_path_mismatch",
      "category": "export_contract",
      "meaning": "payload_path does not match expected index/{id}.payload.v1.json.",
      "what_to_check": "Compare report index payload_path with entry id.",
      "how_to_fix": "Normalize payload_path generation to expected naming."
    },
    {
      "code": "plan_missing",
      "category": "plan_validation",
      "meaning": "Specified plan file does not exist.",
      "what_to_check": "Verify plan path resolution and file presence.",
      "how_to_fix": "Correct plan path or generate the plan file first."
    },
    {
      "code": "plan_parse_error",
      "category": "plan_validation",
      "meaning": "Plan JSON parsing failed.",
      "what_to_check": "Open plan file and validate JSON syntax.",
      "how_to_fix": "Repair malformed JSON and rerun validate-plan."
    },
    {
      "code": "precheck_aborted",
      "category": "precheck",
      "meaning": "A later plan was skipped because fail-fast precheck aborted earlier.",
      "what_to_check": "Inspect first failing plan precheck result.",
      "how_to_fix": "Fix first failure and rerun gate."
    },
    {
      "code": "protected_files_changed",
      "category": "safety",
      "meaning": "Protected files changed during a run where edits were not allowed.",
      "what_to_check": "Review protected file diff list in summary.",
      "how_to_fix": "Revert unintended changes or rerun with proper edit scope/flags."
    },
    {
      "code": "regression_failed",
      "category": "execution",
      "meaning": "Delegated regression harness returned failure.",
      "what_to_check": "Inspect regression summary/runlog reason codes.",
      "how_to_fix": "Resolve reported invariant/contract failures."
    },
    {
      "code": "site_export_validate_failed",
      "category": "export_contract",
      "meaning": "site_export validator returned failure.",
      "what_to_check": "Inspect validate_site_export output for sorted failure list.",
      "how_to_fix": "Fix missing/invalid export artifacts and regenerate export."
    },
    {
      "code": "site_export_validation_not_pass",
      "category": "golden",
      "meaning": "Golden check skipped because site_export validation was not PASS.",
      "what_to_check": "Check site_export validate_status and errors first.",
      "how_to_fix": "Resolve site_export validation failures, then rerun golden check."
    },
    {
      "code": "strict_healthcheck_failed",
      "category": "precheck",
      "meaning": "Strict healthcheck failed before execution.",
      "what_to_check": "Inspect healthcheck runlog path in summary.",
      "how_to_fix": "Fix strict validation issues and rerun gate."
    },
    {
      "code": "timeout_exceeded",
      "category": "execution",
      "meaning": "Soft timeout window was exceeded.",
      "what_to_check": "Check timeout-seconds configuration and long-running steps.",
      "how_to_fix": "Increase timeout or reduce workload per run."
    },
    {
      "code": "validation_failed",
      "category": "plan_validation",
      "meaning": "validate-plan failed for at least one plan.",
      "what_to_check": "Inspect validate-plan stderr/runlog for schema or scope errors.",
      "how_to_fix": "Correct plan fields/scope and rerun validate-plan."
    },
    {
      "code": "vault_gate_failed",
      "category": "orchestration",
      "meaning": "Vault phase failed in e2e gate.",
      "what_to_check": "Inspect embedded release_gate summary and runlog.",
      "how_to_fix": "Resolve vault gate failures before website phase."
    },
    {
      "code": "website_contract_failed",
      "category": "website",
      "meaning": "Website export-contract test command failed.",
      "what_to_check": "Inspect website test stdout/stderr and missing file list.",
      "how_to_fix": "Resync site_export and fix contract mismatches."
    },
    {
      "code": "website_sync_failed",
      "category": "website",
      "meaning": "Website sync-site-export command failed.",
      "what_to_check": "Inspect sync command output and repository state.",
      "how_to_fix": "Fix sync step and rerun website phase."
    }
  ]
}
