[
  {
    "Name": "hungary.ev_oem_domestic.wp-ev-oem-dom-1.1.balanced.memo.v1.md",
    "LastWriteTime": "2026-02-11T17:24:15.897811-05:00"
  },
  {
    "Name": "hungary.ev_oem_export.wp-ev-oem-export-1.1.balanced.memo.v1.md",
    "LastWriteTime": "2026-02-11T17:24:15.7149579-05:00"
  },
  {
    "Name": "malaysia.ev_oem_domestic.wp-ev-oem-dom-1.1.balanced.memo.v1.md",
    "LastWriteTime": "2026-02-11T17:24:16.6878309-05:00"
  },
  {
    "Name": "malaysia.semi_osat_export.wp-semi-osat-export-1.1.balanced.memo.v1.md",
    "LastWriteTime": "2026-02-11T17:24:16.5090357-05:00"
  },
  {
    "Name": "mexico.ev_oem_domestic.wp-ev-oem-dom-1.1.balanced.memo.v1.md",
    "LastWriteTime": "2026-02-11T17:24:16.3271691-05:00"
  },
  {
    "Name": "mexico.ev_oem_export.wp-ev-oem-export-1.1.balanced.memo.v1.md",
    "LastWriteTime": "2026-02-11T17:24:16.0981369-05:00"
  }
]
