[
  {
    "Name": "hungary.ev_oem_domestic.wp-ev-oem-dom-1.1.balanced.memo.v1.json",
    "LastWriteTime": "2026-02-11T17:24:15.897811-05:00"
  },
  {
    "Name": "hungary.ev_oem_export.wp-ev-oem-export-1.1.balanced.memo.v1.json",
    "LastWriteTime": "2026-02-11T17:24:15.7139565-05:00"
  },
  {
    "Name": "malaysia.ev_oem_domestic.wp-ev-oem-dom-1.1.balanced.memo.v1.json",
    "LastWriteTime": "2026-02-11T17:24:16.6868302-05:00"
  },
  {
    "Name": "malaysia.semi_osat_export.wp-semi-osat-export-1.1.balanced.memo.v1.json",
    "LastWriteTime": "2026-02-11T17:24:16.5075303-05:00"
  },
  {
    "Name": "mexico.ev_oem_domestic.wp-ev-oem-dom-1.1.balanced.memo.v1.json",
    "LastWriteTime": "2026-02-11T17:24:16.3261687-05:00"
  },
  {
    "Name": "mexico.ev_oem_export.wp-ev-oem-export-1.1.balanced.memo.v1.json",
    "LastWriteTime": "2026-02-11T17:24:16.0981369-05:00"
  }
]
