[
  {
    "Name": "hungary.ev_oem_domestic.wp-ev-oem-dom-1.1.balanced.report.v1.json",
    "LastWriteTime": "2026-02-11T17:24:15.1755991-05:00"
  },
  {
    "Name": "hungary.ev_oem_export.wp-ev-oem-export-1.1.balanced.report.v1.json",
    "LastWriteTime": "2026-02-11T17:24:15.0859555-05:00"
  },
  {
    "Name": "malaysia.ev_oem_domestic.wp-ev-oem-dom-1.1.balanced.report.v1.json",
    "LastWriteTime": "2026-02-11T17:24:15.5246394-05:00"
  },
  {
    "Name": "malaysia.semi_osat_export.wp-semi-osat-export-1.1.balanced.report.v1.json",
    "LastWriteTime": "2026-02-11T17:24:15.4377526-05:00"
  },
  {
    "Name": "mexico.ev_oem_domestic.wp-ev-oem-dom-1.1.balanced.report.v1.json",
    "LastWriteTime": "2026-02-11T17:24:15.3426987-05:00"
  },
  {
    "Name": "mexico.ev_oem_export.wp-ev-oem-export-1.1.balanced.report.v1.json",
    "LastWriteTime": "2026-02-11T17:24:15.259833-05:00"
  }
]
