{
  "$schema": "http://json-schema.org/draft-07/schema#",
  "title": "LRF-1 Country Pack v1",
  "type": "object",
  "required": [
    "metadata",
    "indicators",
    "completeness",
    "overrides"
  ],
  "properties": {
    "metadata": {
      "type": "object",
      "required": [
        "country",
        "date",
        "comparator_set_id",
        "normalization_method",
        "rubric_version",
        "profiles",
        "sector_assumptions",
        "data_owner",
        "data_retrieval_window"
      ],
      "properties": {
        "country": {
          "type": "string"
        },
        "date": {
          "type": "string"
        },
        "comparator_set_id": {
          "type": "string"
        },
        "normalization_method": {
          "type": "string"
        },
        "rubric_version": {
          "type": "string"
        },
        "profiles": {
          "type": "array",
          "items": {
            "type": "string"
          }
        },
        "sector_assumptions": {
          "type": "string"
        },
        "data_owner": {
          "type": "string"
        },
        "data_retrieval_window": {
          "type": "string"
        }
      }
    },
    "indicators": {
      "type": "object",
      "patternProperties": {
        "^IND-[A-Z0-9-]+$": {
          "type": "object",
          "required": [
            "value",
            "unit",
            "source_institution",
            "url",
            "retrieved_date",
            "notes"
          ],
          "properties": {
            "value": {
              "type": [
                "string",
                "number",
                "null"
              ]
            },
            "unit": {
              "type": "string"
            },
            "source_institution": {
              "type": "string"
            },
            "url": {
              "type": [
                "string",
                "null"
              ]
            },
            "retrieved_date": {
              "type": "string"
            },
            "notes": {
              "type": "string"
            },
            "evidence_tier": {
              "type": "string",
              "enum": [
                "A",
                "B"
              ],
              "description": "Evidence tier for this indicator value; omit => treated as Tier A."
            }
          }
        }
      },
      "additionalProperties": false
    },
    "completeness": {
      "type": "object",
      "required": [
        "per_domain",
        "overall"
      ],
      "properties": {
        "per_domain": {
          "type": "object"
        },
        "overall": {
          "type": [
            "string",
            "number",
            "null"
          ]
        }
      }
    },
    "overrides": {
      "type": "array"
    }
  }
}
