[
  {
    "id": "IND-A1-REG-001",
    "domain": "A1",
    "sub_dimension": "A1.1",
    "name": "Regulatory Quality Estimate",
    "canonical_source_institution": "World Bank",
    "canonical_urls": [],
    "retrieval_method": "API",
    "update_cadence": "Annual",
    "transform_recipe": "Percentile Rank (invert)",
    "required_by": [
      "WP-BATT-CELL-GREEN-1.1",
      "WP-SEMI-ADV-EXPORT-1.1",
      "WP-EV-OEM-EXPORT-1.1",
      "WP-SEMI-OSAT-EXPORT-1.1"
    ],
    "missingness_policy": "penalty",
    "notes": "WGI indicator"
  },
  {
    "id": "IND-A1-REG-002",
    "domain": "A1",
    "sub_dimension": "A1.2",
    "name": "Rule of Law Estimate",
    "canonical_source_institution": "World Bank",
    "canonical_urls": [],
    "retrieval_method": "API",
    "update_cadence": "Annual",
    "transform_recipe": "Percentile Rank (invert)",
    "required_by": [
      "WP-BATT-CELL-GREEN-1.1",
      "WP-SEMI-ADV-EXPORT-1.1",
      "WP-EV-OEM-EXPORT-1.1",
      "WP-SEMI-OSAT-EXPORT-1.1"
    ],
    "missingness_policy": "penalty",
    "notes": "WGI indicator"
  },
  {
    "id": "IND-A1-REG-003",
    "domain": "A1",
    "sub_dimension": "A1.4",
    "name": "Contract Enforcement Efficiency",
    "canonical_source_institution": "World Bank",
    "canonical_urls": [],
    "retrieval_method": "Table/Portal",
    "update_cadence": "Annual",
    "transform_recipe": "Inverse normalized (lower is better)",
    "required_by": [
      "WP-BATT-CELL-GREEN-1.1",
      "WP-SEMI-ADV-EXPORT-1.1"
    ],
    "missingness_policy": "penalty",
    "notes": "Doing Business legacy or WJP proxy"
  },
  {
    "id": "IND-A1-REG-004",
    "domain": "A1",
    "sub_dimension": "A1.3",
    "name": "Permitting Complexity Index",
    "canonical_source_institution": "World Bank / OECD",
    "canonical_urls": [],
    "retrieval_method": "Table/Portal",
    "update_cadence": "Annual",
    "transform_recipe": "Inverse normalized",
    "required_by": [
      "WP-BATT-CELL-GREEN-1.1",
      "WP-SEMI-ADV-EXPORT-1.1"
    ],
    "missingness_policy": "penalty",
    "notes": "Construction permits proxy"
  },
  {
    "id": "IND-A1-REG-005",
    "domain": "A1",
    "sub_dimension": "A1.5",
    "name": "Regulatory Burden Perception",
    "canonical_source_institution": "WEF",
    "canonical_urls": [],
    "retrieval_method": "Table/Portal",
    "update_cadence": "Annual",
    "transform_recipe": "Z-score",
    "required_by": [
      "WP-BATT-CELL-GREEN-1.1",
      "WP-SEMI-ADV-EXPORT-1.1"
    ],
    "missingness_policy": "penalty",
    "notes": "GCR executive opinion"
  },
  {
    "id": "IND-A1-REG-006",
    "domain": "A1",
    "sub_dimension": "A1.6",
    "name": "Policy Instability Concern",
    "canonical_source_institution": "Fund for Peace / PRS Group",
    "canonical_urls": [],
    "retrieval_method": "Table/Portal",
    "update_cadence": "Annual",
    "transform_recipe": "Bucket thresholds",
    "required_by": [
      "WP-BATT-CELL-GREEN-1.1",
      "WP-SEMI-ADV-EXPORT-1.1"
    ],
    "missingness_policy": "penalty",
    "notes": "FSI/PRS proxy"
  },
  {
    "id": "IND-A2-GEO-001",
    "domain": "A2",
    "sub_dimension": "A2.1",
    "name": "Trade Openness Index",
    "canonical_source_institution": "World Bank / WTO",
    "canonical_urls": [],
    "retrieval_method": "API",
    "update_cadence": "Annual",
    "transform_recipe": "Bucket thresholds",
    "required_by": [
      "WP-EV-OEM-EXPORT-1.1",
      "WP-SEMI-OSAT-EXPORT-1.1",
      "WP-SEMI-ADV-EXPORT-1.1"
    ],
    "missingness_policy": "penalty",
    "notes": "Trade % GDP or tariff proxy"
  },
  {
    "id": "IND-A2-GEO-002",
    "domain": "A2",
    "sub_dimension": "A2.2",
    "name": "Sanctions Alignment Risk",
    "canonical_source_institution": "United Nations",
    "canonical_urls": [],
    "retrieval_method": "Table/Portal",
    "update_cadence": "Event-driven",
    "transform_recipe": "Linear scaling",
    "required_by": [
      "WP-EV-OEM-EXPORT-1.1",
      "WP-SEMI-OSAT-EXPORT-1.1",
      "WP-SEMI-ADV-EXPORT-1.1"
    ],
    "missingness_policy": "fatal",
    "notes": "UN voting alignment; Lattice proprietary layer"
  },
  {
    "id": "IND-A2-GEO-003",
    "domain": "A2",
    "sub_dimension": "A2.4",
    "name": "Geopolitical Alignment (Bloc)",
    "canonical_source_institution": "Treaty databases / European Union / US BIS",
    "canonical_urls": [],
    "retrieval_method": "Table/Portal",
    "update_cadence": "Event-driven",
    "transform_recipe": "Risk weights",
    "required_by": [
      "WP-EV-OEM-EXPORT-1.1",
      "WP-SEMI-OSAT-EXPORT-1.1",
      "WP-SEMI-ADV-EXPORT-1.1"
    ],
    "missingness_policy": "penalty",
    "notes": "NATO/CPTPP/RCEP flags"
  },
  {
    "id": "IND-A2-GEO-004",
    "domain": "A2",
    "sub_dimension": "A2.5",
    "name": "Conflict Intensity Index",
    "canonical_source_institution": "World Bank",
    "canonical_urls": [
      "https://api.worldbank.org/v2/indicator/PV.EST?format=json"
    ],
    "retrieval_method": "API",
    "update_cadence": "Annual",
    "transform_recipe": "Thresholds",
    "required_by": [
      "WP-EV-OEM-EXPORT-1.1",
      "WP-SEMI-OSAT-EXPORT-1.1",
      "WP-SEMI-ADV-EXPORT-1.1"
    ],
    "missingness_policy": "penalty",
    "notes": "Conflict presence proxy"
  },
  {
    "id": "IND-A2-GEO-005",
    "domain": "A2",
    "sub_dimension": "A2.3",
    "name": "High-Tech Export Restrictions",
    "canonical_source_institution": "US BIS / CFR (govinfo)",
    "canonical_urls": [
      "https://www.govinfo.gov/content/pkg/CFR-2024-title15-vol2/xml/CFR-2024-title15-vol2.xml",
      "https://www.bis.gov/regulations/ear"
    ],
    "retrieval_method": "Table/Portal",
    "update_cadence": "Event-driven",
    "transform_recipe": "Boolean flag",
    "required_by": [
      "WP-EV-OEM-EXPORT-1.1",
      "WP-SEMI-OSAT-EXPORT-1.1",
      "WP-SEMI-ADV-EXPORT-1.1"
    ],
    "missingness_policy": "fatal",
    "notes": "Export controls mapping"
  },
  {
    "id": "IND-A3-POL-001",
    "domain": "A3",
    "sub_dimension": "A3.2",
    "name": "FDI Restrictiveness Index",
    "canonical_source_institution": "OECD",
    "canonical_urls": [],
    "retrieval_method": "API",
    "update_cadence": "Annual",
    "transform_recipe": "Direct mapping",
    "required_by": [
      "WP-EV-OEM-DOM-1.1"
    ],
    "missingness_policy": "optional",
    "notes": "Statutory restrictions"
  },
  {
    "id": "IND-A3-POL-002",
    "domain": "A3",
    "sub_dimension": "A3.4",
    "name": "Gov't Support for Tech",
    "canonical_source_institution": "WEF / ITU",
    "canonical_urls": [
      "https://centres.weforum.org/centre-for-new-economy-and-society/executive-opinion-survey",
      "https://www.itu.int/en/ITU-D/Statistics/Pages/IDI/default.aspx"
    ],
    "retrieval_method": "Table/Portal",
    "update_cadence": "Annual",
    "transform_recipe": "Z-score",
    "required_by": [
      "WP-EV-OEM-DOM-1.1"
    ],
    "missingness_policy": "optional",
    "notes": "Policy support proxy"
  },
  {
    "id": "IND-A3-POL-003",
    "domain": "A3",
    "sub_dimension": "A3.3",
    "name": "Local Content Requirements",
    "canonical_source_institution": "WTO / USTR / US Department of State",
    "canonical_urls": [],
    "retrieval_method": "Table/Portal",
    "update_cadence": "Annual",
    "transform_recipe": "Risk weights",
    "required_by": [
      "WP-EV-OEM-DOM-1.1"
    ],
    "missingness_policy": "optional",
    "notes": "LCR presence/severity"
  },
  {
    "id": "IND-A3-POL-004",
    "domain": "A3",
    "sub_dimension": "A3.6",
    "name": "SOE Prevalence",
    "canonical_source_institution": "OECD / IMF",
    "canonical_urls": [],
    "retrieval_method": "Table/Portal",
    "update_cadence": "Annual",
    "transform_recipe": "Bucket thresholds",
    "required_by": [
      "WP-EV-OEM-DOM-1.1"
    ],
    "missingness_policy": "optional",
    "notes": "SOE distortion proxy"
  },
  {
    "id": "IND-A3-POL-005",
    "domain": "A3",
    "sub_dimension": "A3.1",
    "name": "Strategic Sector Designation",
    "canonical_source_institution": "National policy documents",
    "canonical_urls": [],
    "retrieval_method": "Manual",
    "update_cadence": "Ad-hoc",
    "transform_recipe": "Bonus/penalty",
    "required_by": [
      "WP-EV-OEM-DOM-1.1"
    ],
    "missingness_policy": "optional",
    "notes": "National plan includes sector"
  },
  {
    "id": "IND-A4-INF-001",
    "domain": "A4",
    "sub_dimension": "A4.3",
    "name": "LPI - Logistics Performance Index",
    "canonical_source_institution": "World Bank",
    "canonical_urls": [],
    "retrieval_method": "API",
    "update_cadence": "Biennial",
    "transform_recipe": "Inverted scale",
    "required_by": [
      "WP-EV-OEM-EXPORT-1.1",
      "WP-BATT-CELL-GREEN-1.1",
      "WP-BATT-PACK-MIXED-1.1",
      "WP-BATT-MAT-EXPORT-1.1",
      "WP-SEMI-OSAT-EXPORT-1.1"
    ],
    "missingness_policy": "penalty",
    "notes": "LPI score"
  },
  {
    "id": "IND-A4-INF-002",
    "domain": "A4",
    "sub_dimension": "A4.1",
    "name": "Quality of Electricity Supply",
    "canonical_source_institution": "WEF / World Bank",
    "canonical_urls": [],
    "retrieval_method": "Table/Portal",
    "update_cadence": "Annual",
    "transform_recipe": "Z-score",
    "required_by": [
      "WP-EV-OEM-EXPORT-1.1",
      "WP-BATT-CELL-GREEN-1.1",
      "WP-BATT-PACK-MIXED-1.1",
      "WP-BATT-MAT-EXPORT-1.1",
      "WP-SEMI-OSAT-EXPORT-1.1"
    ],
    "missingness_policy": "penalty",
    "notes": "Reliability proxy"
  },
  {
    "id": "IND-A4-INF-003",
    "domain": "A4",
    "sub_dimension": "A4.2",
    "name": "Industrial Electricity Price Volatility",
    "canonical_source_institution": "IEA / National Grid",
    "canonical_urls": [],
    "retrieval_method": "Table/Portal",
    "update_cadence": "Annual",
    "transform_recipe": "Thresholds",
    "required_by": [
      "WP-EV-OEM-EXPORT-1.1",
      "WP-BATT-CELL-GREEN-1.1",
      "WP-BATT-PACK-MIXED-1.1",
      "WP-BATT-MAT-EXPORT-1.1",
      "WP-SEMI-OSAT-EXPORT-1.1"
    ],
    "missingness_policy": "penalty",
    "notes": "3y variance"
  },
  {
    "id": "IND-A4-INF-004",
    "domain": "A4",
    "sub_dimension": "A4.3",
    "name": "Port Efficiency / Dwell Time",
    "canonical_source_institution": "World Bank",
    "canonical_urls": [
      "https://api.worldbank.org/v2/indicator/IC.CUS.DURS.EX?format=json"
    ],
    "retrieval_method": "API",
    "update_cadence": "Monthly",
    "transform_recipe": "Inverse normalized",
    "required_by": [
      "WP-EV-OEM-EXPORT-1.1",
      "WP-BATT-CELL-GREEN-1.1",
      "WP-BATT-PACK-MIXED-1.1",
      "WP-BATT-MAT-EXPORT-1.1",
      "WP-SEMI-OSAT-EXPORT-1.1"
    ],
    "missingness_policy": "penalty",
    "notes": "Dwell time proxy"
  },
  {
    "id": "IND-A4-INF-005",
    "domain": "A4",
    "sub_dimension": "A4.6",
    "name": "Industrial Internet Quality",
    "canonical_source_institution": "Ookla / ITU / World Bank",
    "canonical_urls": [],
    "retrieval_method": "Table/Portal",
    "update_cadence": "Annual",
    "transform_recipe": "Thresholds",
    "required_by": [
      "WP-EV-OEM-EXPORT-1.1",
      "WP-BATT-CELL-GREEN-1.1",
      "WP-BATT-PACK-MIXED-1.1",
      "WP-BATT-MAT-EXPORT-1.1",
      "WP-SEMI-OSAT-EXPORT-1.1"
    ],
    "missingness_policy": "penalty",
    "notes": "Bandwidth/latency proxy"
  },
  {
    "id": "IND-A4-INF-006",
    "domain": "A4",
    "sub_dimension": "A4.5",
    "name": "Industrial Land Availability",
    "canonical_source_institution": "World Bank",
    "canonical_urls": [
      "https://api.worldbank.org/v2/indicator/IC.FRM.DURS?format=json"
    ],
    "retrieval_method": "API",
    "update_cadence": "Annual",
    "transform_recipe": "Inverse normalized",
    "required_by": [
      "WP-EV-OEM-EXPORT-1.1",
      "WP-BATT-CELL-GREEN-1.1",
      "WP-BATT-PACK-MIXED-1.1",
      "WP-BATT-MAT-EXPORT-1.1",
      "WP-SEMI-OSAT-EXPORT-1.1"
    ],
    "missingness_policy": "penalty",
    "notes": "Property registration proxy"
  },
  {
    "id": "IND-A5-SUP-001",
    "domain": "A5",
    "sub_dimension": "A5.1",
    "name": "Export Concentration Index",
    "canonical_source_institution": "UNCTAD",
    "canonical_urls": [],
    "retrieval_method": "API",
    "update_cadence": "Annual",
    "transform_recipe": "Direct mapping",
    "required_by": [
      "WP-SEMI-COMP-EXPORT-1.1",
      "WP-EV-OEM-EXPORT-1.1",
      "WP-SEMI-OSAT-EXPORT-1.1"
    ],
    "missingness_policy": "penalty",
    "notes": "HHI proxy"
  },
  {
    "id": "IND-A5-SUP-002",
    "domain": "A5",
    "sub_dimension": "A5.3",
    "name": "Manufacturing Value Added",
    "canonical_source_institution": "World Bank",
    "canonical_urls": [],
    "retrieval_method": "API",
    "update_cadence": "Annual",
    "transform_recipe": "Percentile rank",
    "required_by": [
      "WP-SEMI-COMP-EXPORT-1.1"
    ],
    "missingness_policy": "penalty",
    "notes": "MVA % GDP"
  },
  {
    "id": "IND-A5-SUP-003",
    "domain": "A5",
    "sub_dimension": "A5.2",
    "name": "Critical Raw Material Production",
    "canonical_source_institution": "USGS / IEA",
    "canonical_urls": [],
    "retrieval_method": "Table/Portal",
    "update_cadence": "Annual",
    "transform_recipe": "Inverted risk (higher share = lower risk)",
    "required_by": [
      "WP-SEMI-COMP-EXPORT-1.1"
    ],
    "missingness_policy": "penalty",
    "notes": "Mineral share proxy"
  },
  {
    "id": "IND-A5-SUP-004",
    "domain": "A5",
    "sub_dimension": "A5.4",
    "name": "Quality Certification Density",
    "canonical_source_institution": "ISO",
    "canonical_urls": [],
    "retrieval_method": "Table/Portal",
    "update_cadence": "Annual",
    "transform_recipe": "Percentile rank",
    "required_by": [
      "WP-SEMI-COMP-EXPORT-1.1"
    ],
    "missingness_policy": "penalty",
    "notes": "ISO 9001 density"
  },
  {
    "id": "IND-A5-SUP-005",
    "domain": "A5",
    "sub_dimension": "A5.6",
    "name": "Supplier Delivery Time",
    "canonical_source_institution": "S&P Global",
    "canonical_urls": [],
    "retrieval_method": "Table/Portal",
    "update_cadence": "Monthly",
    "transform_recipe": "Deviation from 50",
    "required_by": [
      "WP-SEMI-COMP-EXPORT-1.1"
    ],
    "missingness_policy": "penalty",
    "notes": "PMI sub-index"
  },
  {
    "id": "IND-A6-LAB-001",
    "domain": "A6",
    "sub_dimension": "A6.1",
    "name": "Human Capital Index",
    "canonical_source_institution": "World Bank",
    "canonical_urls": [],
    "retrieval_method": "API",
    "update_cadence": "Annual",
    "transform_recipe": "Percentile rank",
    "required_by": [
      "WP-EV-COMP-EXPORT-1.1",
      "WP-BATT-PACK-MIXED-1.1",
      "WP-EV-OEM-EXPORT-1.1",
      "WP-SEMI-OSAT-EXPORT-1.1"
    ],
    "missingness_policy": "penalty",
    "notes": "HCI proxy"
  },
  {
    "id": "IND-A6-LAB-002",
    "domain": "A6",
    "sub_dimension": "A6.2",
    "name": "STEM Graduates",
    "canonical_source_institution": "UNESCO / OECD",
    "canonical_urls": [],
    "retrieval_method": "Table/Portal",
    "update_cadence": "Annual",
    "transform_recipe": "Bucket thresholds",
    "required_by": [
      "WP-EV-COMP-EXPORT-1.1",
      "WP-BATT-PACK-MIXED-1.1"
    ],
    "missingness_policy": "penalty",
    "notes": "STEM share"
  },
  {
    "id": "IND-A6-LAB-003",
    "domain": "A6",
    "sub_dimension": "A6.3",
    "name": "Labor Freedom / Flexibility",
    "canonical_source_institution": "Fraser Institute / Heritage",
    "canonical_urls": [],
    "retrieval_method": "Table/Portal",
    "update_cadence": "Annual",
    "transform_recipe": "Inverted (if rigidity is risk)",
    "required_by": [
      "WP-EV-COMP-EXPORT-1.1",
      "WP-BATT-PACK-MIXED-1.1"
    ],
    "missingness_policy": "penalty",
    "notes": "Labor regs proxy"
  },
  {
    "id": "IND-A6-LAB-004",
    "domain": "A6",
    "sub_dimension": "A6.3",
    "name": "Strike / Labor Unrest Risk",
    "canonical_source_institution": "Verisk / ACLED",
    "canonical_urls": [],
    "retrieval_method": "Table/Portal",
    "update_cadence": "Quarterly",
    "transform_recipe": "Thresholds",
    "required_by": [
      "WP-EV-COMP-EXPORT-1.1",
      "WP-BATT-PACK-MIXED-1.1"
    ],
    "missingness_policy": "penalty",
    "notes": "Unrest proxy"
  },
  {
    "id": "IND-A6-LAB-005",
    "domain": "A6",
    "sub_dimension": "A6.1",
    "name": "Ease of Finding Skilled Employees",
    "canonical_source_institution": "WEF / ManpowerGroup",
    "canonical_urls": [],
    "retrieval_method": "Table/Portal",
    "update_cadence": "Annual",
    "transform_recipe": "Z-score",
    "required_by": [
      "WP-EV-COMP-EXPORT-1.1",
      "WP-BATT-PACK-MIXED-1.1"
    ],
    "missingness_policy": "penalty",
    "notes": "Executive sentiment"
  },
  {
    "id": "IND-A7-CAP-001",
    "domain": "A7",
    "sub_dimension": "A7.1",
    "name": "Exchange Rate Volatility",
    "canonical_source_institution": "IMF",
    "canonical_urls": [],
    "retrieval_method": "API",
    "update_cadence": "Monthly",
    "transform_recipe": "Bucket thresholds",
    "required_by": [],
    "missingness_policy": "penalty",
    "notes": "IMF IFS"
  },
  {
    "id": "IND-A7-CAP-002",
    "domain": "A7",
    "sub_dimension": "A7.2",
    "name": "Chinn-Ito Index",
    "canonical_source_institution": "Chinn-Ito",
    "canonical_urls": [],
    "retrieval_method": "Table/Portal",
    "update_cadence": "Annual",
    "transform_recipe": "Percentile rank",
    "required_by": [],
    "missingness_policy": "penalty",
    "notes": "Capital controls proxy"
  },
  {
    "id": "IND-A7-CAP-003",
    "domain": "A7",
    "sub_dimension": "A7.3",
    "name": "Inflation Rate (CPI)",
    "canonical_source_institution": "IMF / Central Bank",
    "canonical_urls": [],
    "retrieval_method": "API",
    "update_cadence": "Monthly",
    "transform_recipe": "Risk curve",
    "required_by": [],
    "missingness_policy": "penalty",
    "notes": "CPI %"
  },
  {
    "id": "IND-A7-CAP-004",
    "domain": "A7",
    "sub_dimension": "A7.4",
    "name": "Sovereign Credit Rating",
    "canonical_source_institution": "S&P / Moody's / Fitch",
    "canonical_urls": [],
    "retrieval_method": "Manual",
    "update_cadence": "Ad-hoc",
    "transform_recipe": "Linear mapping to 1-5",
    "required_by": [],
    "missingness_policy": "penalty",
    "notes": "Rating scale"
  },
  {
    "id": "IND-A7-CAP-005",
    "domain": "A7",
    "sub_dimension": "A7.5",
    "name": "Central Bank Transparency",
    "canonical_source_institution": "Academic / BIS",
    "canonical_urls": [],
    "retrieval_method": "Table/Portal",
    "update_cadence": "Annual",
    "transform_recipe": "Thresholds",
    "required_by": [],
    "missingness_policy": "penalty",
    "notes": "Dincer/Eichengreen"
  },
  {
    "id": "IND-A8-ESG-001",
    "domain": "A8",
    "sub_dimension": "A8.1",
    "name": "Corruption Perceptions Index",
    "canonical_source_institution": "Transparency International",
    "canonical_urls": [],
    "retrieval_method": "Table/Portal",
    "update_cadence": "Annual",
    "transform_recipe": "Inverted scale",
    "required_by": [
      "WP-BATT-MAT-EXPORT-1.1",
      "WP-SEMI-COMP-EXPORT-1.1"
    ],
    "missingness_policy": "penalty",
    "notes": "CPI score"
  },
  {
    "id": "IND-A8-ESG-002",
    "domain": "A8",
    "sub_dimension": "A8.2",
    "name": "Environmental Performance Index",
    "canonical_source_institution": "Yale / Columbia",
    "canonical_urls": [],
    "retrieval_method": "Table/Portal",
    "update_cadence": "Biennial",
    "transform_recipe": "Percentile rank",
    "required_by": [
      "WP-BATT-MAT-EXPORT-1.1",
      "WP-SEMI-COMP-EXPORT-1.1"
    ],
    "missingness_policy": "penalty",
    "notes": "EPI score"
  },
  {
    "id": "IND-A8-ESG-003",
    "domain": "A8",
    "sub_dimension": "A8.3",
    "name": "Labor Rights Index",
    "canonical_source_institution": "Penn State / NGO",
    "canonical_urls": [],
    "retrieval_method": "Table/Portal",
    "update_cadence": "Annual",
    "transform_recipe": "Inverted scale",
    "required_by": [
      "WP-BATT-MAT-EXPORT-1.1",
      "WP-SEMI-COMP-EXPORT-1.1"
    ],
    "missingness_policy": "penalty",
    "notes": "Labor rights proxy"
  },
  {
    "id": "IND-A8-ESG-004",
    "domain": "A8",
    "sub_dimension": "A8.1",
    "name": "Control of Corruption",
    "canonical_source_institution": "World Bank",
    "canonical_urls": [],
    "retrieval_method": "API",
    "update_cadence": "Annual",
    "transform_recipe": "Percentile rank",
    "required_by": [
      "WP-BATT-MAT-EXPORT-1.1",
      "WP-SEMI-COMP-EXPORT-1.1"
    ],
    "missingness_policy": "penalty",
    "notes": "WGI indicator"
  },
  {
    "id": "IND-A8-ESG-005",
    "domain": "A8",
    "sub_dimension": "A8.5",
    "name": "Social License / Protest Risk",
    "canonical_source_institution": "Verisk / ACLED",
    "canonical_urls": [],
    "retrieval_method": "Table/Portal",
    "update_cadence": "Annual",
    "transform_recipe": "Thresholds",
    "required_by": [
      "WP-BATT-MAT-EXPORT-1.1",
      "WP-SEMI-COMP-EXPORT-1.1"
    ],
    "missingness_policy": "penalty",
    "notes": "Protest risk proxy"
  }
]
