{
  "version": "v1",
  "notes": "Allowed Tier-B sources by indicator. Used by strict validation. Keep minimal and auditable.",
  "indicators": {
    "IND-A3-POL-002": {
      "allowed_source_institution_tokens": [
        "WEF",
        "World Economic Forum",
        "WEF / ITU",
        "ITU",
        "International Telecommunication Union"
      ],
      "allowed_url_domains": [
        "weforum.org",
        "www.weforum.org",
        "www3.weforum.org",
        "itu.int",
        "www.itu.int"
      ],
      "required_any": [
        "source_institution_token",
        "url_domain"
      ],
      "notes": "Tier B allowed only from WEF EOS / WEF datasets and ITU indices/datasets. If using WEF EOS-derived variable, ensure notes describe the mapping."
    },
    "IND-A5-SUP-002": {
      "allowed_source_institution_tokens": [
        "World Bank"
      ],
      "allowed_url_domains": [
        "api.worldbank.org"
      ],
      "required_any": [
        "source_institution_token",
        "url_domain"
      ],
      "notes": "Tier B exemplar allowlist entry (Sprint 6/7). Keep minimal."
    },
    "IND-A1-REG-005": {
      "allowed_source_institution_tokens": [
        "World Bank",
        "Enterprise Surveys"
      ],
      "allowed_url_domains": [
        "api.worldbank.org"
      ],
      "required_any": [
        "source_institution_token",
        "url_domain"
      ],
      "notes": "Enterprise Surveys proxy for regulatory burden perception."
    },
    "IND-A1-REG-006": {
      "allowed_source_institution_tokens": [
        "World Bank",
        "Enterprise Surveys"
      ],
      "allowed_url_domains": [
        "api.worldbank.org"
      ],
      "required_any": [
        "source_institution_token",
        "url_domain"
      ],
      "notes": "Enterprise Surveys proxy for policy instability concern."
    },
    "IND-A3-POL-001": {
      "allowed_source_institution_tokens": [
        "World Bank"
      ],
      "allowed_url_domains": [
        "api.worldbank.org"
      ],
      "required_any": [
        "source_institution_token",
        "url_domain"
      ],
      "notes": "Tier B proxy for FDI restrictiveness (FDI inflows % GDP) when OECD index unavailable."
    },
    "IND-A3-POL-003": {
      "allowed_source_institution_tokens": [
        "US Department of State",
        "Department of State",
        "State Department"
      ],
      "allowed_url_domains": [
        "state.gov",
        "www.state.gov"
      ],
      "required_any": [
        "source_institution_token",
        "url_domain"
      ],
      "notes": "Investment Climate Statements used for local content requirements proxies."
    },
    "IND-A3-POL-004": {
      "allowed_source_institution_tokens": [
        "OECD",
        "US Department of State",
        "Department of State",
        "State Department"
      ],
      "allowed_url_domains": [
        "www.oecd.org",
        "oecd.org",
        "state.gov",
        "www.state.gov"
      ],
      "required_any": [
        "source_institution_token",
        "url_domain"
      ],
      "notes": "OECD PMR public ownership indicator; Malaysia proxy from Investment Climate Statement."
    },
    "IND-A3-POL-005": {
      "allowed_source_institution_tokens": [
        "US Department of State",
        "Department of State",
        "State Department"
      ],
      "allowed_url_domains": [
        "state.gov",
        "www.state.gov"
      ],
      "required_any": [
        "source_institution_token",
        "url_domain"
      ],
      "notes": "Investment Climate Statements used for strategic sector designation proxies."
    },
    "IND-A5-SUP-003": {
      "allowed_source_institution_tokens": [
        "World Bank"
      ],
      "allowed_url_domains": [
        "api.worldbank.org"
      ],
      "required_any": [
        "source_institution_token",
        "url_domain"
      ],
      "notes": "Mineral rents (% GDP) proxy for critical raw material production."
    },
    "IND-A5-SUP-004": {
      "allowed_source_institution_tokens": [
        "World Bank",
        "Enterprise Surveys"
      ],
      "allowed_url_domains": [
        "api.worldbank.org"
      ],
      "required_any": [
        "source_institution_token",
        "url_domain"
      ],
      "notes": "Enterprise Surveys proxy for quality certification density."
    },
    "IND-A5-SUP-005": {
      "allowed_source_institution_tokens": [
        "World Bank"
      ],
      "allowed_url_domains": [
        "api.worldbank.org"
      ],
      "required_any": [
        "source_institution_token",
        "url_domain"
      ],
      "notes": "LPI logistics competence score proxy for supplier delivery performance."
    },
    "IND-A6-LAB-002": {
      "allowed_source_institution_tokens": [
        "World Bank"
      ],
      "allowed_url_domains": [
        "api.worldbank.org"
      ],
      "required_any": [
        "source_institution_token",
        "url_domain"
      ],
      "notes": "Researchers per million proxy for STEM graduates."
    },
    "IND-A6-LAB-003": {
      "allowed_source_institution_tokens": [
        "World Bank",
        "Enterprise Surveys"
      ],
      "allowed_url_domains": [
        "api.worldbank.org"
      ],
      "required_any": [
        "source_institution_token",
        "url_domain"
      ],
      "notes": "Enterprise Surveys proxy for labor flexibility."
    },
    "IND-A6-LAB-004": {
      "allowed_source_institution_tokens": [
        "World Bank"
      ],
      "allowed_url_domains": [
        "api.worldbank.org"
      ],
      "required_any": [
        "source_institution_token",
        "url_domain"
      ],
      "notes": "Unemployment rate proxy for labor unrest risk."
    },
    "IND-A6-LAB-005": {
      "allowed_source_institution_tokens": [
        "World Bank",
        "Enterprise Surveys"
      ],
      "allowed_url_domains": [
        "api.worldbank.org"
      ],
      "required_any": [
        "source_institution_token",
        "url_domain"
      ],
      "notes": "Enterprise Surveys proxy for skilled labor availability."
    },
    "IND-A7-CAP-001": {
      "allowed_source_institution_tokens": [
        "World Bank"
      ],
      "allowed_url_domains": [
        "api.worldbank.org"
      ],
      "required_any": [
        "source_institution_token",
        "url_domain"
      ],
      "notes": "Exchange rate series proxy for FX volatility."
    },
    "IND-A7-CAP-004": {
      "allowed_source_institution_tokens": [
        "World Bank"
      ],
      "allowed_url_domains": [
        "api.worldbank.org"
      ],
      "required_any": [
        "source_institution_token",
        "url_domain"
      ],
      "notes": "Central government debt (% GDP) proxy for sovereign credit risk."
    },
    "IND-A7-CAP-005": {
      "allowed_source_institution_tokens": [
        "World Bank",
        "WGI"
      ],
      "allowed_url_domains": [
        "api.worldbank.org"
      ],
      "required_any": [
        "source_institution_token",
        "url_domain"
      ],
      "notes": "WGI Government Effectiveness proxy for central bank transparency."
    },
    "IND-A8-ESG-001": {
      "allowed_source_institution_tokens": [
        "World Bank",
        "WGI"
      ],
      "allowed_url_domains": [
        "api.worldbank.org"
      ],
      "required_any": [
        "source_institution_token",
        "url_domain"
      ],
      "notes": "WGI Control of Corruption proxy for CPI."
    },
    "IND-A8-ESG-002": {
      "allowed_source_institution_tokens": [
        "World Bank"
      ],
      "allowed_url_domains": [
        "api.worldbank.org"
      ],
      "required_any": [
        "source_institution_token",
        "url_domain"
      ],
      "notes": "PM2.5 exposure proxy for EPI."
    },
    "IND-A8-ESG-003": {
      "allowed_source_institution_tokens": [
        "World Bank",
        "WGI"
      ],
      "allowed_url_domains": [
        "api.worldbank.org"
      ],
      "required_any": [
        "source_institution_token",
        "url_domain"
      ],
      "notes": "WGI Voice and Accountability proxy for labor rights index."
    },
    "IND-A8-ESG-005": {
      "allowed_source_institution_tokens": [
        "World Bank"
      ],
      "allowed_url_domains": [
        "api.worldbank.org"
      ],
      "required_any": [
        "source_institution_token",
        "url_domain"
      ],
      "notes": "Intentional homicide rate proxy for protest risk."
    }
  }
}
