{
  "version": "v1.1",
  "source_note": "LRF-1 — Weight Profiles (EV, Battery, Semis) v1.1 (Stable)",
  "last_updated": "2026-02-09",
  "profiles": {
    "WP-EV-OEM-EXPORT-1.1": {
      "A1": 0.1,
      "A2": 0.2,
      "A3": 0.15,
      "A4": 0.2,
      "A5": 0.15,
      "A6": 0.1,
      "A7": 0.05,
      "A8": 0.05
    },
    "WP-EV-OEM-DOM-1.1": {
      "A1": 0.15,
      "A2": 0.05,
      "A3": 0.25,
      "A4": 0.15,
      "A5": 0.15,
      "A6": 0.1,
      "A7": 0.1,
      "A8": 0.05
    },
    "WP-SEMI-OSAT-EXPORT-1.1": {
      "A1": 0.1,
      "A2": 0.2,
      "A3": 0.15,
      "A4": 0.2,
      "A5": 0.1,
      "A6": 0.15,
      "A7": 0.05,
      "A8": 0.05
    }
  }
}
