{
  "reports": [
    {
      "id": "gd-hun-export-001",
      "track": "export",
      "path": "reports/gd-hun-export-001.report.v1.json",
      "memo_json_path": "memos/gd-hun-export-001.memo.v1.json",
      "memo_md_path": "memos/rendered/gd-hun-export-001.memo.v1.md",
      "payload_path": "index/gd-hun-export-001.payload.v1.json"
    },
    {
      "id": "hungary-domestic-001",
      "track": "domestic",
      "path": "reports/hungary-domestic-001.report.v1.json",
      "memo_json_path": "memos/hungary-domestic-001.memo.v1.json",
      "memo_md_path": "memos/rendered/hungary-domestic-001.memo.v1.md",
      "payload_path": "index/hungary-domestic-001.payload.v1.json"
    }
  ]
}
