{
  "config": {
    "packs": true,
    "strict_validate": false,
    "run_report_only": true,
    "export_once": true,
    "fail_fast": false
  },
  "pack_scan": [
    {
      "pack": "C:\\Users\\Melek\\Documents\\Sinerga-Optima\\13 - Lattice Labs\\Clarum\\04 - Data & Ontology\\Ontology\\_machine\\country_packs\\hungary.v1.yaml",
      "header_corrupt": false,
      "header_hint": "",
      "parse_ok": true,
      "parse_error": ""
    },
    {
      "pack": "C:\\Users\\Melek\\Documents\\Sinerga-Optima\\13 - Lattice Labs\\Clarum\\04 - Data & Ontology\\Ontology\\_machine\\country_packs\\malaysia.v1.yaml",
      "header_corrupt": false,
      "header_hint": "",
      "parse_ok": true,
      "parse_error": ""
    },
    {
      "pack": "C:\\Users\\Melek\\Documents\\Sinerga-Optima\\13 - Lattice Labs\\Clarum\\04 - Data & Ontology\\Ontology\\_machine\\country_packs\\mexico.v1.yaml",
      "header_corrupt": false,
      "header_hint": "",
      "parse_ok": true,
      "parse_error": ""
    }
  ],
  "strict_validation": [],
  "report_only": {
    "plans": [
      "C:\\Users\\Melek\\Documents\\Sinerga-Optima\\13 - Lattice Labs\\Clarum\\08 - Operations\\fill_runner\\examples\\plan.report_only.verify.v1.json",
      "C:\\Users\\Melek\\Documents\\Sinerga-Optima\\13 - Lattice Labs\\Clarum\\08 - Operations\\fill_runner\\examples\\plan.report_only.verify.b.v1.json"
    ],
    "batch_runlog": "C:\\Users\\Melek\\Documents\\Sinerga-Optima\\13 - Lattice Labs\\Clarum\\04 - Data & Ontology\\Ontology\\_machine\\runlogs\\fill_runner_batch_2026-02-11_1753.txt",
    "reports": 12,
    "memo_json": 6,
    "memo_md": 6,
    "export_status": "VALIDATION_PASS",
    "export_counts": "payloads: 3 | evidence_files: 24 | memo_json_files: 6 | memo_md_files: 6"
  },
  "memo_parity": {
    "vault_memo_json": 6,
    "vault_memo_md": 6,
    "export_memo_json": 6,
    "export_memo_md": 6,
    "index_memo_json_refs": 6,
    "index_memo_md_refs": 6,
    "diagnosis": "ok"
  },
  "memo_collisions": [
    {
      "type": "json",
      "report_a": "04 - Data & Ontology/Ontology/_machine/reports/hungary.ev_oem_export.wp-ev-oem-export-1.1.balanced.report.v1.json",
      "report_b": "04 - Data & Ontology/Ontology/_machine/reports/hungary.ev_oem_export.wp-ev-oem-export-1.1.balanced.report.v1.json",
      "memo_path": "04 - Data & Ontology/Ontology/_machine/memos/hungary.ev_oem_export.wp-ev-oem-export-1.1.balanced.memo.v1.json"
    },
    {
      "type": "md",
      "report_a": "04 - Data & Ontology/Ontology/_machine/reports/hungary.ev_oem_export.wp-ev-oem-export-1.1.balanced.report.v1.json",
      "report_b": "04 - Data & Ontology/Ontology/_machine/reports/hungary.ev_oem_export.wp-ev-oem-export-1.1.balanced.report.v1.json",
      "memo_path": "04 - Data & Ontology/Ontology/_machine/memos/rendered/hungary.ev_oem_export.wp-ev-oem-export-1.1.balanced.memo.v1.md"
    },
    {
      "type": "json",
      "report_a": "04 - Data & Ontology/Ontology/_machine/reports/hungary.ev_oem_domestic.wp-ev-oem-dom-1.1.balanced.report.v1.json",
      "report_b": "04 - Data & Ontology/Ontology/_machine/reports/hungary.ev_oem_domestic.wp-ev-oem-dom-1.1.balanced.report.v1.json",
      "memo_path": "04 - Data & Ontology/Ontology/_machine/memos/hungary.ev_oem_domestic.wp-ev-oem-dom-1.1.balanced.memo.v1.json"
    },
    {
      "type": "md",
      "report_a": "04 - Data & Ontology/Ontology/_machine/reports/hungary.ev_oem_domestic.wp-ev-oem-dom-1.1.balanced.report.v1.json",
      "report_b": "04 - Data & Ontology/Ontology/_machine/reports/hungary.ev_oem_domestic.wp-ev-oem-dom-1.1.balanced.report.v1.json",
      "memo_path": "04 - Data & Ontology/Ontology/_machine/memos/rendered/hungary.ev_oem_domestic.wp-ev-oem-dom-1.1.balanced.memo.v1.md"
    },
    {
      "type": "json",
      "report_a": "04 - Data & Ontology/Ontology/_machine/reports/mexico.ev_oem_export.wp-ev-oem-export-1.1.balanced.report.v1.json",
      "report_b": "04 - Data & Ontology/Ontology/_machine/reports/mexico.ev_oem_export.wp-ev-oem-export-1.1.balanced.report.v1.json",
      "memo_path": "04 - Data & Ontology/Ontology/_machine/memos/mexico.ev_oem_export.wp-ev-oem-export-1.1.balanced.memo.v1.json"
    },
    {
      "type": "md",
      "report_a": "04 - Data & Ontology/Ontology/_machine/reports/mexico.ev_oem_export.wp-ev-oem-export-1.1.balanced.report.v1.json",
      "report_b": "04 - Data & Ontology/Ontology/_machine/reports/mexico.ev_oem_export.wp-ev-oem-export-1.1.balanced.report.v1.json",
      "memo_path": "04 - Data & Ontology/Ontology/_machine/memos/rendered/mexico.ev_oem_export.wp-ev-oem-export-1.1.balanced.memo.v1.md"
    },
    {
      "type": "json",
      "report_a": "04 - Data & Ontology/Ontology/_machine/reports/mexico.ev_oem_domestic.wp-ev-oem-dom-1.1.balanced.report.v1.json",
      "report_b": "04 - Data & Ontology/Ontology/_machine/reports/mexico.ev_oem_domestic.wp-ev-oem-dom-1.1.balanced.report.v1.json",
      "memo_path": "04 - Data & Ontology/Ontology/_machine/memos/mexico.ev_oem_domestic.wp-ev-oem-dom-1.1.balanced.memo.v1.json"
    },
    {
      "type": "md",
      "report_a": "04 - Data & Ontology/Ontology/_machine/reports/mexico.ev_oem_domestic.wp-ev-oem-dom-1.1.balanced.report.v1.json",
      "report_b": "04 - Data & Ontology/Ontology/_machine/reports/mexico.ev_oem_domestic.wp-ev-oem-dom-1.1.balanced.report.v1.json",
      "memo_path": "04 - Data & Ontology/Ontology/_machine/memos/rendered/mexico.ev_oem_domestic.wp-ev-oem-dom-1.1.balanced.memo.v1.md"
    },
    {
      "type": "json",
      "report_a": "04 - Data & Ontology/Ontology/_machine/reports/malaysia.semi_osat_export.wp-semi-osat-export-1.1.balanced.report.v1.json",
      "report_b": "04 - Data & Ontology/Ontology/_machine/reports/malaysia.semi_osat_export.wp-semi-osat-export-1.1.balanced.report.v1.json",
      "memo_path": "04 - Data & Ontology/Ontology/_machine/memos/malaysia.semi_osat_export.wp-semi-osat-export-1.1.balanced.memo.v1.json"
    },
    {
      "type": "md",
      "report_a": "04 - Data & Ontology/Ontology/_machine/reports/malaysia.semi_osat_export.wp-semi-osat-export-1.1.balanced.report.v1.json",
      "report_b": "04 - Data & Ontology/Ontology/_machine/reports/malaysia.semi_osat_export.wp-semi-osat-export-1.1.balanced.report.v1.json",
      "memo_path": "04 - Data & Ontology/Ontology/_machine/memos/rendered/malaysia.semi_osat_export.wp-semi-osat-export-1.1.balanced.memo.v1.md"
    },
    {
      "type": "json",
      "report_a": "04 - Data & Ontology/Ontology/_machine/reports/malaysia.ev_oem_domestic.wp-ev-oem-dom-1.1.balanced.report.v1.json",
      "report_b": "04 - Data & Ontology/Ontology/_machine/reports/malaysia.ev_oem_domestic.wp-ev-oem-dom-1.1.balanced.report.v1.json",
      "memo_path": "04 - Data & Ontology/Ontology/_machine/memos/malaysia.ev_oem_domestic.wp-ev-oem-dom-1.1.balanced.memo.v1.json"
    },
    {
      "type": "md",
      "report_a": "04 - Data & Ontology/Ontology/_machine/reports/malaysia.ev_oem_domestic.wp-ev-oem-dom-1.1.balanced.report.v1.json",
      "report_b": "04 - Data & Ontology/Ontology/_machine/reports/malaysia.ev_oem_domestic.wp-ev-oem-dom-1.1.balanced.report.v1.json",
      "memo_path": "04 - Data & Ontology/Ontology/_machine/memos/rendered/malaysia.ev_oem_domestic.wp-ev-oem-dom-1.1.balanced.memo.v1.md"
    }
  ],
  "site_export_validation": {
    "status": "VALIDATION_PASS",
    "output": "VALIDATION_PASS\npayloads: 3\nevidence_files: 24\nmemo_json_files: 6\nmemo_md_files: 6"
  },
  "final_status": "PASS",
  "failures": []
}
