{
  "config": {
    "packs": true,
    "strict_validate": true,
    "run_report_only": false,
    "export_once": false,
    "fail_fast": false
  },
  "pack_scan": [
    {
      "pack": "C:\\Users\\Melek\\Documents\\Sinerga-Optima\\13 - Lattice Labs\\Clarum\\04 - Data & Ontology\\Ontology\\_machine\\country_packs\\hungary.v1.yaml",
      "header_corrupt": false,
      "header_hint": "",
      "parse_ok": true,
      "parse_error": ""
    },
    {
      "pack": "C:\\Users\\Melek\\Documents\\Sinerga-Optima\\13 - Lattice Labs\\Clarum\\04 - Data & Ontology\\Ontology\\_machine\\country_packs\\malaysia.v1.yaml",
      "header_corrupt": false,
      "header_hint": "",
      "parse_ok": true,
      "parse_error": ""
    },
    {
      "pack": "C:\\Users\\Melek\\Documents\\Sinerga-Optima\\13 - Lattice Labs\\Clarum\\04 - Data & Ontology\\Ontology\\_machine\\country_packs\\mexico.v1.yaml",
      "header_corrupt": false,
      "header_hint": "",
      "parse_ok": true,
      "parse_error": ""
    }
  ],
  "strict_validation": [
    {
      "pack": "C:\\Users\\Melek\\Documents\\Sinerga-Optima\\13 - Lattice Labs\\Clarum\\04 - Data & Ontology\\Ontology\\_machine\\country_packs\\hungary.v1.yaml",
      "status": "OK",
      "tail": "EVIDENCE_TIER_B_COUNT: 17\nTIERB_ALLOWLIST_OK: 17\nTIERB_ALLOWLIST_FAIL: 0\nVALIDATION_OK"
    },
    {
      "pack": "C:\\Users\\Melek\\Documents\\Sinerga-Optima\\13 - Lattice Labs\\Clarum\\04 - Data & Ontology\\Ontology\\_machine\\country_packs\\malaysia.v1.yaml",
      "status": "OK",
      "tail": "EVIDENCE_TIER_B_COUNT: 20\nTIERB_ALLOWLIST_OK: 20\nTIERB_ALLOWLIST_FAIL: 0\nVALIDATION_OK"
    },
    {
      "pack": "C:\\Users\\Melek\\Documents\\Sinerga-Optima\\13 - Lattice Labs\\Clarum\\04 - Data & Ontology\\Ontology\\_machine\\country_packs\\mexico.v1.yaml",
      "status": "OK",
      "tail": "EVIDENCE_TIER_B_COUNT: 20\nTIERB_ALLOWLIST_OK: 20\nTIERB_ALLOWLIST_FAIL: 0\nVALIDATION_OK"
    }
  ],
  "report_only": {},
  "site_export_validation": {
    "status": "VALIDATION_PASS",
    "output": "VALIDATION_PASS\npayloads: 3\nevidence_files: 24\nmemo_json_files: 6\nmemo_md_files: 6"
  },
  "final_status": "PASS",
  "failures": []
}
