{
  "plan_version": "plan.v1",
  "created_at": "2026-02-11T10:05:33",
  "country_iso3": "HUN",
  "target_pack_path": "04 - Data & Ontology/Ontology/_machine/country_packs/hungary.v1.yaml",
  "scope": {
    "domains": [
      "A6",
      "A8"
    ],
    "indicators": []
  },
  "updates": [
    {
      "indicator_id": "IND-A6-LAB-001",
      "set": {
        "value": 0.683087289333344,
        "year": 2020,
        "retrieved_date": "2026-02-10",
        "url": "https://api.worldbank.org/v2/country/HUN/indicator/HD.HCI.OVRL?format=json",
        "source_institution": "World Bank",
        "notes": "World Bank API; indicator HD.HCI.OVRL (Human Capital Index); year 2020."
      }
    },
    {
      "indicator_id": "IND-A6-LAB-002",
      "set": {
        "value": 4725.1504,
        "year": 2022,
        "retrieved_date": "2026-02-11",
        "url": "https://api.worldbank.org/v2/country/HUN/indicator/SP.POP.SCIE.RD.P6?format=json",
        "source_institution": "World Bank",
        "notes": "Proxy for STEM graduates using researchers in R&D (per million people); year 2022. WB STEM grads series SE.TER.GRAD.SCI.ZS not available via API."
      }
    },
    {
      "indicator_id": "IND-A6-LAB-003",
      "set": {
        "value": 4.2,
        "year": 2019,
        "retrieved_date": "2026-02-11",
        "url": "https://api.worldbank.org/v2/country/HUN/indicator/IC.FRM.WRKF.WK9?format=json",
        "source_institution": "World Bank Enterprise Surveys",
        "notes": "Enterprise Surveys: % firms identifying labor regulations as major constraint; year 2019. Proxy for labor flexibility. Fraser/Heritage data unavailable in Sprint 13.",
        "evidence_tier": "B"
      }
    },
    {
      "indicator_id": "IND-A6-LAB-004",
      "set": {
        "value": 4.5,
        "year": 2024,
        "retrieved_date": "2026-02-11",
        "url": "https://api.worldbank.org/v2/country/HUN/indicator/SL.UEM.TOTL.ZS?format=json",
        "source_institution": "World Bank",
        "notes": "Proxy for labor unrest risk using unemployment rate; year 2024. GDELT Events API returned 404 in Sprint 13.",
        "evidence_tier": "B"
      }
    },
    {
      "indicator_id": "IND-A6-LAB-005",
      "set": {
        "value": 21.2,
        "year": 2019,
        "retrieved_date": "2026-02-11",
        "url": "https://api.worldbank.org/v2/country/HUN/indicator/IC.FRM.WRKF.WK10?format=json",
        "source_institution": "World Bank Enterprise Surveys",
        "notes": "Enterprise Surveys: % firms identifying inadequately educated workforce as major constraint; year 2019. Proxy for skilled labor availability.",
        "evidence_tier": "B"
      }
    },
    {
      "indicator_id": "IND-A8-ESG-001",
      "set": {
        "value": 49.99,
        "year": 2023,
        "retrieved_date": "2026-02-11",
        "url": "https://api.worldbank.org/v2/country/HUN/indicator/CC.EST?format=json",
        "source_institution": "World Bank (WGI)",
        "notes": "Proxy for TI CPI using WGI Control of Corruption (CC.EST); score=(cc_est+2.5)/5*100; year 2023. Overlaps with IND-A8-ESG-004.",
        "evidence_tier": "B"
      }
    },
    {
      "indicator_id": "IND-A8-ESG-002",
      "set": {
        "value": 69.545,
        "year": 2020,
        "retrieved_date": "2026-02-11",
        "url": "https://api.worldbank.org/v2/country/HUN/indicator/EN.ATM.PM25.MC.M3?format=json",
        "source_institution": "World Bank",
        "notes": "PM2.5 exposure proxy for environment; score=clamp((35-pm25)/30*100,0,100); year 2020.",
        "evidence_tier": "B"
      }
    },
    {
      "indicator_id": "IND-A8-ESG-003",
      "set": {
        "value": 57.191,
        "year": 2023,
        "retrieved_date": "2026-02-11",
        "url": "https://api.worldbank.org/v2/country/HUN/indicator/VA.EST?format=json",
        "source_institution": "World Bank (WGI)",
        "notes": "Proxy for labor rights using WGI Voice and Accountability (VA.EST); score=(va_est+2.5)/5*100; year 2023.",
        "evidence_tier": "B"
      }
    },
    {
      "indicator_id": "IND-A8-ESG-004",
      "set": {
        "value": -0.000498130626510829,
        "year": 2023,
        "retrieved_date": "2026-02-11",
        "url": "https://api.worldbank.org/v2/country/HUN/indicator/CC.EST?format=json",
        "source_institution": "World Bank (WGI)",
        "notes": "World Bank WGI Control of Corruption (estimate); year 2023."
      }
    },
    {
      "indicator_id": "IND-A8-ESG-005",
      "set": {
        "value": 0.722657964901225,
        "year": 2023,
        "retrieved_date": "2026-02-11",
        "url": "https://api.worldbank.org/v2/country/HUN/indicator/VC.IHR.PSRC.P5?format=json",
        "source_institution": "World Bank",
        "notes": "Proxy for protest risk using intentional homicide rate per 100,000; year 2023. GDELT Events API returned 404 in Sprint 13.",
        "evidence_tier": "B"
      }
    }
  ],
  "run": {
    "strict": true,
    "reports": "all_six",
    "rebuild_site_export": true,
    "dry_run": false
  }
}