{
  "plan_version": "plan.v1",
  "created_at": "2026-02-11T00:00:00",
  "country_iso3": "HUN",
  "target_pack_path": "04 - Data & Ontology/Ontology/_machine/country_packs/hungary.v1.yaml",
  "scope": {
    "indicators": [
      "IND-A4-INF-002",
      "IND-A4-INF-005",
      "IND-A6-LAB-002",
      "IND-A5-SUP-001"
    ]
  },
  "updates": [],
  "fills": {
    "adapters": [
      {
        "country_pack": "04 - Data & Ontology/Ontology/_machine/country_packs/hungary.v1.yaml",
        "country_iso3": "HUN",
        "indicator_id": "IND-A4-INF-002",
        "mode": "latest",
        "allow_overwrite": true,
        "expected_evidence_tier": "A"
      },
      {
        "country_pack": "04 - Data & Ontology/Ontology/_machine/country_packs/hungary.v1.yaml",
        "country_iso3": "HUN",
        "indicator_id": "IND-A4-INF-005",
        "mode": "latest",
        "allow_overwrite": true,
        "expected_evidence_tier": "A"
      },
      {
        "country_pack": "04 - Data & Ontology/Ontology/_machine/country_packs/hungary.v1.yaml",
        "country_iso3": "HUN",
        "indicator_id": "IND-A6-LAB-002",
        "mode": "latest",
        "allow_overwrite": true,
        "expected_evidence_tier": "A"
      },
      {
        "country_pack": "04 - Data & Ontology/Ontology/_machine/country_packs/hungary.v1.yaml",
        "country_iso3": "HUN",
        "indicator_id": "IND-A5-SUP-001",
        "mode": "latest",
        "allow_overwrite": false,
        "expected_evidence_tier": "A",
        "on_http_403": "skip",
        "note": "Skip overwrite if already populated; avoids WITS fetch when not needed."
      },
      {
        "country_pack": "04 - Data & Ontology/Ontology/_machine/country_packs/mexico.v1.yaml",
        "country_iso3": "MEX",
        "indicator_id": "IND-A4-INF-002",
        "mode": "latest",
        "allow_overwrite": true,
        "expected_evidence_tier": "A"
      },
      {
        "country_pack": "04 - Data & Ontology/Ontology/_machine/country_packs/mexico.v1.yaml",
        "country_iso3": "MEX",
        "indicator_id": "IND-A4-INF-005",
        "mode": "latest",
        "allow_overwrite": true,
        "expected_evidence_tier": "A"
      },
      {
        "country_pack": "04 - Data & Ontology/Ontology/_machine/country_packs/mexico.v1.yaml",
        "country_iso3": "MEX",
        "indicator_id": "IND-A6-LAB-002",
        "mode": "latest",
        "allow_overwrite": true,
        "expected_evidence_tier": "A"
      },
      {
        "country_pack": "04 - Data & Ontology/Ontology/_machine/country_packs/mexico.v1.yaml",
        "country_iso3": "MEX",
        "indicator_id": "IND-A5-SUP-001",
        "mode": "latest",
        "allow_overwrite": false,
        "expected_evidence_tier": "A",
        "on_http_403": "skip",
        "note": "Skip overwrite if already populated; avoids WITS fetch when not needed."
      },
      {
        "country_pack": "04 - Data & Ontology/Ontology/_machine/country_packs/malaysia.v1.yaml",
        "country_iso3": "MYS",
        "indicator_id": "IND-A4-INF-002",
        "mode": "latest",
        "allow_overwrite": true,
        "expected_evidence_tier": "A"
      },
      {
        "country_pack": "04 - Data & Ontology/Ontology/_machine/country_packs/malaysia.v1.yaml",
        "country_iso3": "MYS",
        "indicator_id": "IND-A4-INF-005",
        "mode": "latest",
        "allow_overwrite": true,
        "expected_evidence_tier": "A"
      },
      {
        "country_pack": "04 - Data & Ontology/Ontology/_machine/country_packs/malaysia.v1.yaml",
        "country_iso3": "MYS",
        "indicator_id": "IND-A6-LAB-002",
        "mode": "latest",
        "allow_overwrite": true,
        "expected_evidence_tier": "A"
      },
      {
        "country_pack": "04 - Data & Ontology/Ontology/_machine/country_packs/malaysia.v1.yaml",
        "country_iso3": "MYS",
        "indicator_id": "IND-A5-SUP-001",
        "mode": "latest",
        "allow_overwrite": false,
        "expected_evidence_tier": "A",
        "on_http_403": "skip",
        "note": "Skip overwrite if already populated; avoids WITS fetch when not needed."
      }
    ]
  },
  "run": {
    "strict": true,
    "reports": "all_six",
    "rebuild_site_export": true,
    "generate_memos": true,
    "dry_run": false
  }
}
