{
  "plan_version": "plan.v1",
  "created_at": "2026-02-11T00:00:00",
  "country_iso3": "HUN",
  "target_pack_path": "04 - Data & Ontology/Ontology/_machine/country_packs/hungary.v1.yaml",
  "scope": {
    "indicators": [
      "IND-A5-SUP-001"
    ]
  },
  "updates": [],
  "fills": {
    "adapters": [
      {
        "country_pack": "04 - Data & Ontology/Ontology/_machine/country_packs/hungary.v1.yaml",
        "country_iso3": "HUN",
        "indicator_id": "IND-A5-SUP-001",
        "mode": "latest",
        "allow_overwrite": true,
        "expected_evidence_tier": "A",
        "preferred_year": 2023,
        "fallback_year": 2022,
        "on_http_403": "use_snapshot",
        "snapshot_path": "08 - Operations/fill_runner/adapters/snapshots/wits_a5_sup_001_YYYY.json",
        "note": "Example template: update snapshot_path before use."
      }
    ]
  },
  "run": {
    "strict": true,
    "reports": "all_six",
    "rebuild_site_export": false,
    "generate_memos": false,
    "dry_run": true
  }
}
