{
  "plan_version": "plan.v1",
  "created_at": "2026-02-11T00:00:00",
  "country_iso3": "XXX",
  "target_pack_path": "04 - Data & Ontology/Ontology/_machine/country_packs/xxx.v1.yaml",
  "scope": {
    "indicators": [
      "IND-A6-LAB-001",
      "IND-A6-LAB-003",
      "IND-A8-ESG-002"
    ]
  },
  "updates": [
    {
      "indicator_id": "IND-A6-LAB-001",
      "set": {
        "value": 0.62,
        "year": 2023,
        "retrieved_date": "2026-02-11",
        "url": "https://api.worldbank.org/v2/country/XXX/indicator/HD.HCI.OVRL?format=json",
        "source_institution": "World Bank",
        "notes": "World Bank HCI; year 2023."
      }
    },
    {
      "indicator_id": "IND-A6-LAB-003",
      "set": {
        "value": 12.4,
        "year": 2022,
        "retrieved_date": "2026-02-11",
        "url": "https://api.worldbank.org/v2/country/XXX/indicator/IC.FRM.WRKF.WK9?format=json",
        "source_institution": "World Bank Enterprise Surveys",
        "notes": "Enterprise Surveys: % firms identifying labor regulations as major constraint; year 2022.",
        "evidence_tier": "B"
      },
      "transform": {
        "formula": "score = 100 - raw_pct",
        "raw_value": 12.4,
        "raw_unit": "Percent of firms",
        "method": "Invert ES constraint share to a 0-100 flexibility proxy."
      },
      "provenance": {
        "adapter": "enterprise_surveys",
        "query": "licensing_permits_major_constraint_pct"
      }
    },
    {
      "indicator_id": "IND-A8-ESG-002",
      "set": {
        "value": 68.0,
        "year": 2020,
        "retrieved_date": "2026-02-11",
        "url": "https://api.worldbank.org/v2/country/XXX/indicator/EN.ATM.PM25.MC.M3?format=json",
        "source_institution": "World Bank",
        "notes": "PM2.5 proxy; score=clamp((35-pm25)/30*100,0,100); year 2020.",
        "evidence_tier": "B"
      },
      "transform": {
        "formula": "score = clamp((35 - pm25) / 30 * 100, 0, 100)",
        "raw_value": 12.0,
        "raw_unit": "Micrograms per cubic meter",
        "method": "Lower PM2.5 is better; linear scaling to 0-100."
      }
    }
  ],
  "run": {
    "strict": true,
    "reports": "all_six",
    "rebuild_site_export": true,
    "generate_memos": true,
    "dry_run": false
  }
}
