{
  "plan_version": "plan.v1",
  "created_at": "2026-02-12T12:00:00",
  "country_iso3": "HUN",
  "target_pack_path": "04 - Data & Ontology/Ontology/_machine/country_packs/hungary.v1.yaml",
  "scope": {
    "indicators": [
      "IND-A7-CAP-002"
    ]
  },
  "updates": [],
  "fills": {
    "adapters": [
      {
        "country_pack": "04 - Data & Ontology/Ontology/_machine/country_packs/hungary.v1.yaml",
        "country_iso3": "HUN",
        "indicator_id": "IND-A7-CAP-002",
        "mode": "latest",
        "allow_overwrite": true,
        "expected_evidence_tier": "A",
        "options": {
          "debug_sniff": true
        }
      },
      {
        "country_pack": "04 - Data & Ontology/Ontology/_machine/country_packs/mexico.v1.yaml",
        "country_iso3": "MEX",
        "indicator_id": "IND-A7-CAP-002",
        "mode": "latest",
        "allow_overwrite": true,
        "expected_evidence_tier": "A",
        "options": {
          "debug_sniff": true
        }
      },
      {
        "country_pack": "04 - Data & Ontology/Ontology/_machine/country_packs/malaysia.v1.yaml",
        "country_iso3": "MYS",
        "indicator_id": "IND-A7-CAP-002",
        "mode": "latest",
        "allow_overwrite": true,
        "expected_evidence_tier": "A",
        "options": {
          "debug_sniff": true
        }
      }
    ]
  },
  "run": {
    "strict": true,
    "reports": "all_six",
    "rebuild_site_export": true,
    "generate_memos": true,
    "dry_run": false
  }
}
