{
  "plan_version": "plan.v1",
  "name": "Sprint 15.0A - CPI cache-only auto fill for HU/MX/MY (IND-A8-ESG-001)",
  "created_at": "2026-02-11T22:01:06",
  "country_iso3": "HUN",
  "target_pack_path": "04 - Data & Ontology/Ontology/_machine/country_packs/hungary.v1.yaml",
  "scope": {
    "indicators": [
      "IND-A8-ESG-001"
    ]
  },
  "updates": [],
  "fills": {
    "adapters": [
      {
        "country_iso3": "HUN",
        "country_pack": "04 - Data & Ontology/Ontology/_machine/country_packs/hungary.v1.yaml",
        "indicator_id": "IND-A8-ESG-001",
        "mode": "latest",
        "allow_overwrite": true,
        "expected_evidence_tier": "A",
        "options": {
          "source_url_override": "https://raw.githubusercontent.com/datasets/corruption-perceptions-index/main/data/cpi.csv"
        }
      },
      {
        "country_iso3": "MEX",
        "country_pack": "04 - Data & Ontology/Ontology/_machine/country_packs/mexico.v1.yaml",
        "indicator_id": "IND-A8-ESG-001",
        "mode": "latest",
        "allow_overwrite": true,
        "expected_evidence_tier": "A",
        "options": {
          "source_url_override": "https://raw.githubusercontent.com/datasets/corruption-perceptions-index/main/data/cpi.csv"
        }
      },
      {
        "country_iso3": "MYS",
        "country_pack": "04 - Data & Ontology/Ontology/_machine/country_packs/malaysia.v1.yaml",
        "indicator_id": "IND-A8-ESG-001",
        "mode": "latest",
        "allow_overwrite": true,
        "expected_evidence_tier": "A",
        "options": {
          "source_url_override": "https://raw.githubusercontent.com/datasets/corruption-perceptions-index/main/data/cpi.csv"
        }
      }
    ]
  },
  "run": {
    "strict": true,
    "reports": "all_six",
    "generate_memos": true,
    "rebuild_site_export": true,
    "dry_run": false
  }
}
