{
  "is_obsidian_vault": true,
  "smart_blocks": {
    "embed_blocks": true,
    "min_chars": 200
  },
  "smart_sources": {
    "min_chars": 200,
    "embed_model": {
      "adapter": "transformers",
      "transformers": {
        "model_key": "TaylorAI/bge-micro-v2"
      }
    },
    "excluded_headings": "",
    "file_exclusions": "Untitled",
    "folder_exclusions": ""
  },
  "language": "en",
  "re_import_wait_time": 13,
  "smart_chat_threads": {
    "chat_model": {
      "adapter": "ollama",
      "ollama": {}
    }
  },
  "smart_notices": {
    "muted": {
      "done_import": true,
      "embedding_complete": true,
      "done_initial_scan": true
    }
  },
  "smart_view_filter": {
    "expanded_view": false,
    "render_markdown": true,
    "show_full_path": false
  },
  "version": "",
  "new_user": true,
  "models": {
    "embedding_platform": "transformers",
    "chat_completion_platform": "open_router"
  },
  "connections_lists": {
    "results_collection_key": "smart_sources",
    "score_algo_key": "similarity",
    "connections_post_process": "none",
    "results_limit": 20,
    "exclude_frontmatter_blocks": true,
    "connections_list_item_component_key": "connections_list_item_v3",
    "components": {
      "connections_list_item_v3": {
        "render_markdown": true,
        "show_full_path": false
      }
    }
  },
  "context_items": {
    "template_preset": "xml_structured",
    "template_before": "<item loc=\"{{KEY}}\" at=\"{{TIME_AGO}}\">",
    "template_after": "</item>"
  },
  "smart_contexts": {
    "template_preset": "xml_structured",
    "template_before": "<context>\n{{FILE_TREE}}",
    "template_after": "</context>"
  },
  "lookup_lists": {
    "results_collection_key": "smart_blocks",
    "score_algo_key": "similarity",
    "results_limit": 20
  },
  "embedding_models": {
    "default_model_key": "transformers#1768608807606"
  }
}