{
  "country_iso3": "XXX",
  "created_at": "2026-02-12T21:06:00+00:00",
  "metadata": {
    "checklist": [
      "Confirm target country pack path and ISO3.",
      "Review scope.indicators before enabling edits.",
      "Run validate-plan and strict healthcheck before apply.",
      "Keep edits disabled unless explicitly scoped with --allow-edits."
    ],
    "country": "turkey",
    "generator": "generate_onboarding.py",
    "intended_country_iso3": "TUR",
    "mode": "audit",
    "profile": "wp-ev-oem-dom-1.1.balanced",
    "report_only_safe": true,
    "suggested_todo_indicator_ids": [
      "IND-A1-REG-001",
      "IND-A1-REG-002",
      "IND-A1-REG-003",
      "IND-A1-REG-004",
      "IND-A1-REG-005",
      "IND-A1-REG-006",
      "IND-A2-GEO-001",
      "IND-A2-GEO-002",
      "IND-A2-GEO-003",
      "IND-A2-GEO-004",
      "IND-A2-GEO-005",
      "IND-A3-POL-001",
      "IND-A3-POL-002",
      "IND-A3-POL-003",
      "IND-A3-POL-004",
      "IND-A3-POL-005",
      "IND-A4-INF-001",
      "IND-A4-INF-002",
      "IND-A4-INF-003",
      "IND-A4-INF-004",
      "IND-A4-INF-005",
      "IND-A4-INF-006",
      "IND-A5-SUP-001",
      "IND-A5-SUP-002",
      "IND-A5-SUP-003"
    ],
    "target_pack_exists": false,
    "track": "ev_oem_domestic"
  },
  "plan_version": "plan.v1",
  "run": {
    "dry_run": false,
    "generate_memos": true,
    "rebuild_site_export": true,
    "reports": [
      "hun_ev_oem_domestic"
    ],
    "strict": true
  },
  "scope": {
    "indicators": "ALL"
  },
  "target_pack_path": "04 - Data & Ontology/Ontology/_machine/country_packs/xxx.v1.yaml",
  "updates": []
}
