{
  "timestamp_utc": "2026-02-12T00:00:00+00:00",
  "args": {
    "plans": ["08 - Operations/fill_runner/examples/plan.report_only.verify.v1.json"],
    "strict": true,
    "allow_edits": false,
    "no_website": true,
    "no_vault": false
  },
  "vault": {
    "ran": true,
    "status": "PASS",
    "reason_codes": []
  },
  "website": {
    "ran": false,
    "status": "SKIPPED",
    "reason_codes": [],
    "commands": []
  },
  "artifacts": {
    "runlog_path": "04 - Data & Ontology/Ontology/_machine/runlogs/e2e_gate_fixture.txt",
    "summary_json_path": "04 - Data & Ontology/Ontology/_machine/runlogs/e2e_gate_summary_fixture.json"
  }
}
