{
  "args": {
    "allow_edits": false,
    "bun_bin": "bun",
    "json_out": null,
    "no_vault": false,
    "no_website": true,
    "plans": [
      "08 - Operations/fill_runner/examples/plan.report_only.verify.v1.json"
    ],
    "proof_bundle": false,
    "strict": true,
    "vault_python": "python.exe",
    "website_root": null
  },
  "artifacts": {
    "proof_bundle_path": null,
    "runlog_path": "04 - Data & Ontology/Ontology/_machine/runlogs/e2e_gate_2026-02-12_1138_01.txt",
    "summary_json_path": "04 - Data & Ontology/Ontology/_machine/runlogs/e2e_gate_summary_2026-02-12_1138_01.json"
  },
  "final_status": "PASS",
  "timestamp_utc": "2026-02-12T16:38:56+00:00",
  "vault": {
    "ran": true,
    "reason_codes": [],
    "release_gate": {
      "artifacts": {
        "json_summary_path": "04 - Data & Ontology/Ontology/_machine/runlogs/release_gate_summary_2026-02-12_1138_02.json",
        "runlog_path": "04 - Data & Ontology/Ontology/_machine/runlogs/release_gate_2026-02-12_1138_02.txt"
      },
      "execution": {
        "ran_pipeline": true,
        "site_export_valid": true
      },
      "final_status": "PASS",
      "plans": [
        {
          "edits_allowed": false,
          "plan_path": "08 - Operations/fill_runner/examples/plan.report_only.verify.v1.json",
          "reason_codes": [],
          "report_only": true,
          "status": "PASS"
        }
      ],
      "prechecks": {
        "strict_healthcheck": {
          "runlog_path": "08 - Operations/fill_runner/runlogs/fill_runner_healthcheck_2026-02-12_1138.txt",
          "status": "PASS"
        },
        "validate_plan": {
          "fail_count": 0,
          "pass_count": 1,
          "status": "PASS"
        }
      },
      "regression": {
        "ran": true,
        "reason_codes": [],
        "status": "PASS"
      },
      "timestamp_utc": "2026-02-12T16:38:59+00:00",
      "vault_identifiers": {
        "08 - Operations\\Clarum — NEW CHAT HANDOFF (Start Here).md": {
          "bytes": 46061,
          "modified_utc": "2026-02-12T16:36:30.682141+00:00",
          "sha256": "1c1e4887bf939fe2c454fc9ce8112699f3af94e63402fc37441dbfb15620bfe2"
        },
        "08 - Operations\\fill_runner\\plan_schema.v1.json": {
          "bytes": 4952,
          "modified_utc": "2026-02-12T01:47:38.024969+00:00",
          "sha256": "056d01fb1a4e9a18d64639b6f56a57e8a440f70b6849be489ed20247052eba9d"
        }
      }
    },
    "status": "PASS"
  },
  "website": {
    "commands": [],
    "ran": false,
    "reason_codes": [],
    "status": "SKIPPED"
  }
}
